cliente_id,frecuencia_compra,monto_total_gastado,monto_promedio_compra,dias_desde_ultima_compra,antiguedad_cliente_meses,canal_principal,numero_productos_distintos,reseña_id,texto_reseña,fecha_reseña,producto_categoria,longitud_reseña
1,15.0,686.5,211.63,104.0,32.0,web,9.0,1001,Excelente atención y variedad de productos.,2025-06-18,Electrónica,6
2,19.0,438.89,63.73,83.0,59.0,móvil,6.0,1002,"Muy recomendable, volvería a comprar.",2025-12-25,Hogar,5
3,14.0,2528.89,451.98,94.0,56.0,móvil,8.0,1003,Excelente atención y variedad de productos.,2025-07-16,Hogar,6
4,13.0,7001.52,40.96,114.0,21.0,web,5.0,1004,"El servicio fue regular, podría mejorar.",2025-11-18,Ropa,6
5,30.0,4960.2,496.35,71.0,16.0,tienda_fisica,6.0,1005,No estoy satisfecho con la compra.,2025-02-09,Electrónica,6
6,15.0,1690.15,119.54,6.0,60.0,tienda_fisica,1.0,1006,El producto llegó defectuoso.,2025-02-07,Retail,4
7,11.0,7472.28,430.77,51.0,5.0,tienda_fisica,1.0,1007,El producto llegó defectuoso.,2025-05-09,Hogar,4
8,999.0,,-50.0,-10.0,200.0,WEB,50.0,1008,12345,2025-05-05,electronica,1
9,27.0,2827.46,97.46,108.0,3.0,móvil,10.0,1009,"Muy recomendable, volvería a comprar.",2025-02-21,Servicios,5
10,-5.0,abc,-50.0,400.0,,,-3.0,1010,,2025-08-14,???,0
11,15.0,6982.59,421.52,104.0,67.0,web,11.0,1011,No estoy satisfecho con la compra.,2025-12-06,Electrónica,6
12,15.0,571.53,22.24,99.0,49.0,web,13.0,1012,Relación calidad-precio aceptable.,2025-04-14,Hogar,3
13,3.0,209.58,33.41,2.0,44.0,móvil,14.0,1013,No estoy satisfecho con la compra.,2025-04-09,Servicios,6
14,26.0,8362.08,338.77,93.0,22.0,web,1.0,1014,"El servicio fue regular, podría mejorar.",2025-08-01,Servicios,6
15,20.0,2110.84,280.02,55.0,16.0,móvil,4.0,1015,No estoy satisfecho con la compra.,2025-04-20,Retail,6
16,999.0,abc,,-10.0,,movil,-3.0,1016,,2025-08-23,,0
17,-5.0,-100,,,200.0,movil,,1017,,2025-02-22,electronica,0
18,4.0,6018.68,491.08,90.0,50.0,tienda_fisica,11.0,1018,Relación calidad-precio aceptable.,2025-12-22,Servicios,3
19,-5.0,,-50.0,400.0,200.0,WEB,,1019,12345,2025-07-15,electronica,1
20,8.0,261.07,384.29,16.0,40.0,tienda_fisica,4.0,1020,"Buen producto, la calidad es excelente y llegó rápido.",2025-08-08,Servicios,9
21,5.0,3776.51,162.38,20.0,49.0,tienda_fisica,4.0,1021,"Buen producto, la calidad es excelente y llegó rápido.",2025-11-25,Electrónica,9
22,0.0,,,400.0,-1.0,123,50.0,1022,ok,2025-08-01,???,1
23,28.0,7342.09,184.51,27.0,70.0,móvil,1.0,1023,No estoy satisfecho con la compra.,2025-12-07,Electrónica,6
24,17.0,3250.29,232.33,1.0,9.0,tienda_fisica,14.0,1024,El producto llegó defectuoso.,2025-09-09,Servicios,4
25,0.0,-100,-50.0,-10.0,200.0,WEB,50.0,1025,,2025-04-15,,0
26,,-100,-50.0,-10.0,,,-3.0,1026,12345,2025-11-07,???,1
27,,,-50.0,,,movil,,1027,,2025-03-27,???,0
28,25.0,1600.99,477.8,62.0,3.0,móvil,13.0,1028,El producto llegó defectuoso.,2025-07-15,Ropa,4
29,18.0,7280.15,143.5,60.0,40.0,web,8.0,1029,Excelente atención y variedad de productos.,2025-05-26,Retail,6
30,11.0,1409.73,245.24,20.0,25.0,tienda_fisica,1.0,1030,"El servicio fue regular, podría mejorar.",2025-01-07,Hogar,6
31,13.0,9260.63,471.34,96.0,48.0,tienda_fisica,7.0,1031,"Muy recomendable, volvería a comprar.",2025-09-08,Retail,5
32,-5.0,-100,,400.0,-1.0,123,-3.0,1032,12345,2025-08-12,,1
33,21.0,6900.47,354.3,84.0,50.0,tienda_fisica,15.0,1033,"Muy recomendable, volvería a comprar.",2025-08-06,Retail,5
34,30.0,8140.61,322.86,87.0,4.0,web,12.0,1034,"Buen producto, la calidad es excelente y llegó rápido.",2025-12-07,Hogar,9
35,22.0,1516.31,138.76,75.0,21.0,móvil,1.0,1035,"Muy recomendable, volvería a comprar.",2025-03-01,Ropa,5
36,23.0,5882.3,452.48,67.0,25.0,tienda_fisica,15.0,1036,El producto llegó defectuoso.,2025-08-05,Hogar,4
37,999.0,abc,,400.0,,,50.0,1037,ok,2025-02-15,electronica,1
38,,abc,-50.0,400.0,,123,50.0,1038,,2025-06-07,electronica,0
39,-5.0,-100,,400.0,,WEB,50.0,1039,,2025-05-28,???,0
40,6.0,7055.27,115.05,24.0,65.0,web,2.0,1040,Entrega rápida y buen empaque.,2025-08-19,Servicios,5
41,2.0,7511.66,408.41,25.0,34.0,web,15.0,1041,No estoy satisfecho con la compra.,2025-07-29,Servicios,6
42,3.0,2966.6,201.31,36.0,9.0,tienda_fisica,6.0,1042,Excelente atención y variedad de productos.,2025-01-16,Electrónica,6
43,1.0,657.51,380.86,1.0,6.0,móvil,2.0,1043,"El servicio fue regular, podría mejorar.",2025-04-19,Hogar,6
44,30.0,4884.97,383.32,78.0,55.0,web,6.0,1044,Relación calidad-precio aceptable.,2025-07-09,Hogar,3
45,12.0,6667.53,201.65,8.0,46.0,móvil,14.0,1045,No estoy satisfecho con la compra.,2025-06-19,Retail,6
46,24.0,8362.44,464.02,4.0,16.0,web,14.0,1046,El producto llegó defectuoso.,2025-09-29,Hogar,4
47,999.0,abc,,400.0,-1.0,WEB,-3.0,1047,12345,2025-11-23,electronica,1
48,28.0,505.26,407.63,42.0,57.0,móvil,4.0,1048,Entrega rápida y buen empaque.,2025-11-07,Electrónica,5
49,12.0,4307.77,467.11,120.0,61.0,tienda_fisica,11.0,1049,"El servicio fue regular, podría mejorar.",2025-12-25,Ropa,6
50,20.0,1991.02,88.72,67.0,65.0,tienda_fisica,1.0,1050,Relación calidad-precio aceptable.,2025-03-07,Hogar,3
51,6.0,8969.27,478.42,62.0,70.0,web,4.0,1051,"Muy recomendable, volvería a comprar.",2025-05-05,Retail,5
52,-5.0,-100,,,,,-3.0,1052,12345,2025-05-12,,1
53,30.0,5368.71,368.2,12.0,43.0,tienda_fisica,14.0,1053,Excelente atención y variedad de productos.,2025-04-25,Electrónica,6
54,13.0,9106.16,376.62,93.0,49.0,tienda_fisica,11.0,1054,Entrega rápida y buen empaque.,2025-11-25,Electrónica,5
55,9.0,1201.12,62.09,12.0,44.0,móvil,12.0,1055,No estoy satisfecho con la compra.,2025-10-31,Servicios,6
56,5.0,8540.64,477.95,74.0,1.0,tienda_fisica,5.0,1056,Entrega rápida y buen empaque.,2025-02-01,Electrónica,5
57,11.0,7724.24,402.81,120.0,17.0,web,9.0,1057,El producto llegó defectuoso.,2025-12-06,Hogar,4
58,1.0,5406.01,241.09,19.0,38.0,web,14.0,1058,El producto llegó defectuoso.,2025-04-23,Electrónica,4
59,5.0,7483.25,427.58,106.0,5.0,móvil,10.0,1059,Relación calidad-precio aceptable.,2025-06-13,Servicios,3
60,999.0,abc,-50.0,,,,50.0,1060,producto,2025-07-12,electronica,1
61,0.0,abc,-50.0,-10.0,,movil,50.0,1061,,2025-07-20,,0
62,999.0,,,400.0,,WEB,,1062,producto,2025-07-20,,1
63,23.0,9234.48,356.53,71.0,51.0,tienda_fisica,2.0,1063,Relación calidad-precio aceptable.,2025-03-09,Retail,3
64,999.0,abc,-50.0,400.0,-1.0,123,,1064,ok,2025-12-23,,1
65,26.0,7496.41,372.95,2.0,47.0,web,12.0,1065,No estoy satisfecho con la compra.,2025-10-22,Servicios,6
66,0.0,-100,-50.0,,,WEB,-3.0,1066,12345,2025-01-27,???,1
67,999.0,-100,,-10.0,-1.0,123,-3.0,1067,producto,2025-05-04,electronica,1
68,21.0,7464.74,392.41,102.0,12.0,móvil,13.0,1068,Excelente atención y variedad de productos.,2025-08-26,Ropa,6
69,21.0,6549.29,196.32,16.0,15.0,tienda_fisica,2.0,1069,Relación calidad-precio aceptable.,2025-03-04,Hogar,3
70,1.0,5889.16,493.93,62.0,36.0,tienda_fisica,12.0,1070,No estoy satisfecho con la compra.,2025-02-18,Ropa,6
71,21.0,7042.23,163.21,17.0,13.0,web,6.0,1071,"Muy recomendable, volvería a comprar.",2025-02-02,Hogar,5
72,27.0,7022.38,209.02,105.0,69.0,tienda_fisica,13.0,1072,El producto llegó defectuoso.,2025-09-29,Servicios,4
73,25.0,7542.23,483.53,115.0,16.0,tienda_fisica,3.0,1073,"El servicio fue regular, podría mejorar.",2025-11-03,Ropa,6
74,26.0,3177.25,38.79,74.0,27.0,web,11.0,1074,"Muy recomendable, volvería a comprar.",2025-03-24,Ropa,5
75,-5.0,abc,,,200.0,movil,-3.0,1075,,2025-08-05,,0
76,10.0,509.35,473.98,116.0,38.0,tienda_fisica,11.0,1076,No estoy satisfecho con la compra.,2025-10-01,Electrónica,6
77,17.0,9112.29,498.46,78.0,69.0,tienda_fisica,9.0,1077,Entrega rápida y buen empaque.,2025-04-18,Hogar,5
78,2.0,1921.33,163.86,107.0,28.0,tienda_fisica,3.0,1078,No estoy satisfecho con la compra.,2025-11-05,Electrónica,6
79,5.0,7304.59,222.57,71.0,33.0,tienda_fisica,5.0,1079,Relación calidad-precio aceptable.,2025-07-15,Retail,3
80,3.0,9450.17,344.73,89.0,19.0,web,9.0,1080,"Muy recomendable, volvería a comprar.",2025-04-15,Hogar,5
81,0.0,,-50.0,,,movil,,1081,ok,2025-01-14,,1
82,4.0,5338.13,348.31,53.0,9.0,web,6.0,1082,Relación calidad-precio aceptable.,2025-11-24,Electrónica,3
83,0.0,,-50.0,-10.0,,movil,-3.0,1083,,2025-07-13,electronica,0
84,19.0,8222.37,255.02,68.0,45.0,web,12.0,1084,Relación calidad-precio aceptable.,2025-10-20,Servicios,3
85,29.0,527.23,172.64,97.0,50.0,tienda_fisica,3.0,1085,"El servicio fue regular, podría mejorar.",2025-06-26,Retail,6
86,16.0,5943.49,144.35,88.0,66.0,tienda_fisica,12.0,1086,El producto llegó defectuoso.,2025-03-21,Ropa,4
87,2.0,9188.49,326.81,48.0,32.0,web,11.0,1087,Relación calidad-precio aceptable.,2025-11-08,Hogar,3
88,12.0,7994.77,261.07,36.0,55.0,móvil,9.0,1088,"Muy recomendable, volvería a comprar.",2025-04-28,Servicios,5
89,,-100,-50.0,-10.0,200.0,,-3.0,1089,12345,2025-02-17,electronica,1
90,999.0,-100,,400.0,200.0,,50.0,1090,ok,2025-03-11,,1
91,13.0,188.31,111.29,107.0,1.0,tienda_fisica,12.0,1091,"El servicio fue regular, podría mejorar.",2025-08-06,Ropa,6
92,24.0,6628.68,461.82,113.0,68.0,tienda_fisica,11.0,1092,No estoy satisfecho con la compra.,2025-11-08,Retail,6
93,0.0,-100,-50.0,,-1.0,,50.0,1093,producto,2025-06-30,,1
94,6.0,3764.17,74.35,117.0,32.0,móvil,14.0,1094,El producto llegó defectuoso.,2025-10-04,Hogar,4
95,16.0,2970.77,122.27,95.0,51.0,web,4.0,1095,Relación calidad-precio aceptable.,2025-06-06,Retail,3
96,30.0,4657.42,316.52,63.0,8.0,tienda_fisica,6.0,1096,"Buen producto, la calidad es excelente y llegó rápido.",2025-01-04,Ropa,9
97,4.0,101.29,447.29,24.0,52.0,móvil,6.0,1097,Entrega rápida y buen empaque.,2025-01-05,Retail,5
98,0.0,,-50.0,,-1.0,,-3.0,1098,,2025-12-03,,0
99,,,,-10.0,200.0,,,1099,ok,2025-02-25,???,1
100,5.0,3569.69,228.3,46.0,26.0,tienda_fisica,2.0,1100,Excelente atención y variedad de productos.,2025-04-08,Hogar,6
101,,-100,-50.0,400.0,-1.0,WEB,,1101,12345,2025-12-07,???,1
102,18.0,4980.9,347.23,17.0,42.0,web,13.0,1102,"Muy recomendable, volvería a comprar.",2025-07-24,Hogar,5
103,4.0,9578.9,400.5,17.0,20.0,tienda_fisica,6.0,1103,Excelente atención y variedad de productos.,2025-09-14,Hogar,6
104,999.0,abc,-50.0,,,WEB,,1104,ok,2025-05-25,,1
105,24.0,5136.84,139.74,99.0,15.0,móvil,14.0,1105,Excelente atención y variedad de productos.,2025-05-15,Servicios,6
106,16.0,7079.29,408.78,90.0,65.0,web,10.0,1106,No estoy satisfecho con la compra.,2025-04-03,Hogar,6
107,-5.0,-100,,-10.0,,123,-3.0,1107,,2025-03-16,,0
108,28.0,557.01,215.5,40.0,30.0,tienda_fisica,4.0,1108,"El servicio fue regular, podría mejorar.",2025-06-22,Servicios,6
109,21.0,563.97,72.83,47.0,36.0,web,6.0,1109,El producto llegó defectuoso.,2025-12-31,Ropa,4
110,2.0,55.33,337.01,42.0,28.0,móvil,5.0,1110,Excelente atención y variedad de productos.,2025-08-30,Electrónica,6
111,0.0,,,,,123,,1111,12345,2025-02-27,,1
112,,abc,,400.0,200.0,,50.0,1112,ok,2025-11-06,,1
113,19.0,3871.29,445.85,17.0,16.0,tienda_fisica,1.0,1113,No estoy satisfecho con la compra.,2025-10-28,Retail,6
114,23.0,4485.41,67.35,70.0,44.0,tienda_fisica,5.0,1114,No estoy satisfecho con la compra.,2025-08-31,Servicios,6
115,2.0,1321.93,220.74,92.0,33.0,web,15.0,1115,Excelente atención y variedad de productos.,2025-10-14,Ropa,6
116,30.0,4389.45,251.75,68.0,65.0,móvil,13.0,1116,"El servicio fue regular, podría mejorar.",2025-01-12,Hogar,6
117,-5.0,abc,-50.0,400.0,-1.0,movil,50.0,1117,ok,2025-07-23,,1
118,6.0,4405.56,264.45,72.0,50.0,tienda_fisica,7.0,1118,"El servicio fue regular, podría mejorar.",2025-11-07,Ropa,6
119,0.0,abc,-50.0,400.0,,WEB,50.0,1119,,2025-12-29,,0
120,10.0,7097.13,285.03,22.0,29.0,móvil,1.0,1120,No estoy satisfecho con la compra.,2025-10-01,Retail,6
121,0.0,,-50.0,400.0,-1.0,,-3.0,1121,ok,2025-10-01,,1
122,-5.0,abc,,400.0,-1.0,movil,,1122,ok,2025-11-10,electronica,1
123,0.0,abc,,-10.0,,,-3.0,1123,ok,2025-10-03,,1
124,21.0,2610.58,320.59,78.0,71.0,tienda_fisica,4.0,1124,El producto llegó defectuoso.,2025-08-15,Electrónica,4
125,999.0,-100,,-10.0,200.0,movil,50.0,1125,producto,2025-08-11,,1
126,6.0,4620.93,411.49,23.0,25.0,móvil,10.0,1126,"Muy recomendable, volvería a comprar.",2025-09-09,Electrónica,5
127,10.0,1671.04,105.31,51.0,25.0,web,2.0,1127,"Buen producto, la calidad es excelente y llegó rápido.",2025-03-15,Retail,9
128,-5.0,abc,-50.0,400.0,-1.0,WEB,50.0,1128,12345,2025-02-21,???,1
129,25.0,8313.65,468.65,17.0,32.0,web,13.0,1129,"Buen producto, la calidad es excelente y llegó rápido.",2025-02-12,Electrónica,9
130,-5.0,abc,,400.0,-1.0,123,-3.0,1130,,2025-03-13,,0
131,10.0,3350.98,94.17,8.0,70.0,tienda_fisica,12.0,1131,Excelente atención y variedad de productos.,2025-05-17,Hogar,6
132,4.0,5469.19,69.23,114.0,54.0,web,3.0,1132,"Buen producto, la calidad es excelente y llegó rápido.",2025-01-01,Electrónica,9
133,13.0,1516.4,334.58,29.0,50.0,web,11.0,1133,El producto llegó defectuoso.,2025-02-27,Servicios,4
134,10.0,3605.21,315.53,16.0,47.0,web,15.0,1134,"El servicio fue regular, podría mejorar.",2025-02-13,Servicios,6
135,14.0,5328.28,307.81,87.0,55.0,tienda_fisica,3.0,1135,Excelente atención y variedad de productos.,2025-12-08,Servicios,6
136,29.0,1084.03,459.79,85.0,48.0,tienda_fisica,15.0,1136,Entrega rápida y buen empaque.,2025-05-16,Retail,5
137,28.0,9334.29,91.35,84.0,19.0,tienda_fisica,6.0,1137,"Buen producto, la calidad es excelente y llegó rápido.",2025-03-17,Electrónica,9
138,4.0,5799.54,480.6,36.0,19.0,tienda_fisica,2.0,1138,"El servicio fue regular, podría mejorar.",2025-06-15,Hogar,6
139,11.0,4967.35,251.02,53.0,43.0,web,3.0,1139,Entrega rápida y buen empaque.,2025-12-01,Hogar,5
140,18.0,5361.02,275.59,106.0,30.0,móvil,7.0,1140,"Muy recomendable, volvería a comprar.",2025-02-12,Hogar,5
141,23.0,918.14,193.62,27.0,3.0,móvil,6.0,1141,No estoy satisfecho con la compra.,2025-10-13,Ropa,6
142,30.0,3526.01,427.4,111.0,18.0,web,5.0,1142,"Buen producto, la calidad es excelente y llegó rápido.",2025-08-24,Electrónica,9
143,0.0,-100,-50.0,400.0,-1.0,123,-3.0,1143,,2025-12-23,???,0
144,12.0,588.13,70.88,75.0,10.0,móvil,8.0,1144,El producto llegó defectuoso.,2025-11-01,Electrónica,4
145,5.0,835.98,56.99,73.0,54.0,web,3.0,1145,Entrega rápida y buen empaque.,2025-04-04,Servicios,5
146,16.0,4144.65,181.92,101.0,2.0,web,5.0,1146,Relación calidad-precio aceptable.,2025-02-26,Ropa,3
147,0.0,-100,,,200.0,,,1147,producto,2025-10-11,,1
148,23.0,2311.78,467.1,35.0,12.0,móvil,9.0,1148,Relación calidad-precio aceptable.,2025-07-13,Ropa,3
149,20.0,607.17,208.3,106.0,72.0,web,10.0,1149,El producto llegó defectuoso.,2025-02-09,Servicios,4
150,21.0,6436.81,417.08,22.0,7.0,móvil,13.0,1150,Entrega rápida y buen empaque.,2025-07-10,Hogar,5
151,4.0,824.2,309.53,109.0,43.0,web,1.0,1151,"El servicio fue regular, podría mejorar.",2025-05-03,Retail,6
152,0.0,abc,-50.0,,-1.0,123,50.0,1152,,2025-04-14,,0
153,3.0,9767.8,291.1,73.0,62.0,web,1.0,1153,Relación calidad-precio aceptable.,2025-01-25,Servicios,3
154,,,-50.0,,,movil,50.0,1154,ok,2025-07-02,,1
155,14.0,8970.29,261.72,65.0,20.0,tienda_fisica,1.0,1155,Entrega rápida y buen empaque.,2025-10-28,Electrónica,5
156,10.0,1654.17,347.54,11.0,12.0,móvil,12.0,1156,"Buen producto, la calidad es excelente y llegó rápido.",2025-04-29,Ropa,9
157,17.0,5187.19,369.79,84.0,67.0,tienda_fisica,15.0,1157,Excelente atención y variedad de productos.,2025-06-24,Servicios,6
158,12.0,6253.53,471.27,6.0,50.0,web,4.0,1158,Relación calidad-precio aceptable.,2025-04-17,Retail,3
159,19.0,6296.51,258.81,104.0,2.0,tienda_fisica,3.0,1159,Excelente atención y variedad de productos.,2025-06-08,Electrónica,6
160,15.0,3171.5,468.35,21.0,9.0,web,5.0,1160,"El servicio fue regular, podría mejorar.",2025-10-23,Hogar,6
161,23.0,7730.81,143.81,61.0,33.0,web,13.0,1161,Excelente atención y variedad de productos.,2025-08-15,Electrónica,6
162,2.0,3666.55,157.58,53.0,17.0,web,8.0,1162,"Muy recomendable, volvería a comprar.",2025-07-07,Electrónica,5
163,3.0,6837.9,262.85,34.0,6.0,tienda_fisica,10.0,1163,Entrega rápida y buen empaque.,2025-11-26,Retail,5
164,-5.0,,,-10.0,200.0,WEB,,1164,,2025-02-07,,0
165,999.0,,,-10.0,-1.0,,-3.0,1165,ok,2025-02-25,,1
166,13.0,3320.77,172.3,78.0,63.0,móvil,4.0,1166,No estoy satisfecho con la compra.,2025-12-26,Hogar,6
167,2.0,5473.56,475.3,19.0,28.0,web,6.0,1167,"Muy recomendable, volvería a comprar.",2025-10-18,Retail,5
168,,,,-10.0,-1.0,123,-3.0,1168,,2025-01-12,???,0
169,9.0,6375.09,60.12,9.0,36.0,tienda_fisica,7.0,1169,Relación calidad-precio aceptable.,2025-02-11,Hogar,3
170,0.0,abc,,-10.0,-1.0,,-3.0,1170,producto,2025-08-08,???,1
171,,,,,200.0,movil,50.0,1171,,2025-03-24,,0
172,27.0,148.82,395.87,77.0,26.0,móvil,2.0,1172,El producto llegó defectuoso.,2025-12-08,Retail,4
173,1.0,1547.54,240.16,19.0,64.0,web,14.0,1173,Entrega rápida y buen empaque.,2025-06-12,Retail,5
174,-5.0,,-50.0,400.0,,,50.0,1174,producto,2025-10-24,electronica,1
175,0.0,abc,,-10.0,,WEB,-3.0,1175,12345,2025-04-08,,1
176,27.0,3669.75,164.93,40.0,65.0,tienda_fisica,14.0,1176,Entrega rápida y buen empaque.,2025-03-05,Electrónica,5
177,14.0,3549.7,417.53,55.0,67.0,tienda_fisica,13.0,1177,El producto llegó defectuoso.,2025-06-21,Hogar,4
178,,-100,-50.0,400.0,,WEB,,1178,12345,2025-05-26,???,1
179,23.0,6222.75,464.07,110.0,13.0,tienda_fisica,2.0,1179,Relación calidad-precio aceptable.,2025-02-23,Hogar,3
180,999.0,abc,-50.0,400.0,,,50.0,1180,,2025-10-25,???,0
181,7.0,2267.65,238.22,49.0,15.0,tienda_fisica,4.0,1181,El producto llegó defectuoso.,2025-08-29,Retail,4
182,30.0,8213.16,357.84,95.0,51.0,móvil,1.0,1182,El producto llegó defectuoso.,2025-07-11,Hogar,4
183,29.0,6603.88,167.55,116.0,54.0,tienda_fisica,11.0,1183,Relación calidad-precio aceptable.,2025-05-04,Retail,3
184,-5.0,-100,,400.0,200.0,,50.0,1184,,2025-06-12,,0
185,999.0,-100,,-10.0,200.0,123,,1185,,2025-03-07,???,0
186,29.0,3215.34,96.05,30.0,13.0,móvil,12.0,1186,El producto llegó defectuoso.,2025-03-06,Servicios,4
187,27.0,7633.61,460.0,108.0,71.0,tienda_fisica,3.0,1187,El producto llegó defectuoso.,2025-06-15,Ropa,4
188,-5.0,abc,-50.0,-10.0,200.0,,50.0,1188,12345,2025-10-06,,1
189,1.0,7436.28,82.66,59.0,46.0,web,3.0,1189,El producto llegó defectuoso.,2025-05-03,Ropa,4
190,18.0,8412.55,368.63,104.0,49.0,web,13.0,1190,No estoy satisfecho con la compra.,2025-05-14,Retail,6
191,21.0,280.25,492.7,111.0,14.0,móvil,2.0,1191,Excelente atención y variedad de productos.,2025-08-24,Electrónica,6
192,10.0,2656.85,106.7,10.0,64.0,web,14.0,1192,Excelente atención y variedad de productos.,2025-07-05,Electrónica,6
193,16.0,7964.64,218.6,63.0,10.0,web,4.0,1193,"El servicio fue regular, podría mejorar.",2025-12-18,Hogar,6
194,6.0,3022.61,453.75,85.0,5.0,móvil,2.0,1194,Excelente atención y variedad de productos.,2025-06-25,Hogar,6
195,6.0,5241.4,142.16,16.0,25.0,móvil,10.0,1195,"Buen producto, la calidad es excelente y llegó rápido.",2025-01-16,Ropa,9
196,7.0,8675.4,75.1,28.0,4.0,tienda_fisica,6.0,1196,Excelente atención y variedad de productos.,2025-03-12,Ropa,6
197,999.0,-100,-50.0,,200.0,WEB,50.0,1197,ok,2025-11-30,electronica,1
198,999.0,-100,,-10.0,-1.0,,50.0,1198,producto,2025-05-24,???,1
199,6.0,7951.29,477.81,63.0,56.0,web,15.0,1199,Relación calidad-precio aceptable.,2025-08-17,Ropa,3
200,20.0,1120.21,203.86,26.0,46.0,tienda_fisica,6.0,1200,Entrega rápida y buen empaque.,2025-11-20,Retail,5
201,17.0,2567.98,216.71,78.0,68.0,móvil,6.0,1201,"Buen producto, la calidad es excelente y llegó rápido.",2025-07-23,Servicios,9
202,0.0,,-50.0,-10.0,-1.0,WEB,50.0,1202,12345,2025-07-10,electronica,1
203,11.0,6898.51,364.07,28.0,60.0,móvil,10.0,1203,"Buen producto, la calidad es excelente y llegó rápido.",2025-06-14,Electrónica,9
204,10.0,6037.93,273.09,14.0,72.0,tienda_fisica,5.0,1204,El producto llegó defectuoso.,2025-11-08,Electrónica,4
205,22.0,7574.2,172.54,41.0,26.0,tienda_fisica,4.0,1205,El producto llegó defectuoso.,2025-01-26,Electrónica,4
206,14.0,1236.63,237.34,77.0,42.0,móvil,10.0,1206,Relación calidad-precio aceptable.,2025-07-16,Electrónica,3
207,-5.0,,,-10.0,,,-3.0,1207,,2025-10-01,electronica,0
208,3.0,4725.44,418.33,54.0,39.0,web,5.0,1208,"Buen producto, la calidad es excelente y llegó rápido.",2025-06-12,Retail,9
209,16.0,6142.59,208.8,90.0,59.0,móvil,8.0,1209,Entrega rápida y buen empaque.,2025-11-25,Electrónica,5
210,1.0,2278.94,416.22,18.0,14.0,web,6.0,1210,"El servicio fue regular, podría mejorar.",2025-12-19,Retail,6
211,7.0,7254.87,409.9,105.0,69.0,web,1.0,1211,"El servicio fue regular, podría mejorar.",2025-12-19,Servicios,6
212,2.0,9474.09,56.02,43.0,49.0,móvil,5.0,1212,"El servicio fue regular, podría mejorar.",2025-12-24,Electrónica,6
213,0.0,,-50.0,400.0,,WEB,50.0,1213,,2025-08-17,???,0
214,19.0,4805.37,255.25,36.0,42.0,tienda_fisica,13.0,1214,No estoy satisfecho con la compra.,2025-09-05,Ropa,6
215,,abc,-50.0,400.0,200.0,movil,50.0,1215,,2025-04-16,electronica,0
216,7.0,180.62,123.75,105.0,50.0,web,4.0,1216,"Buen producto, la calidad es excelente y llegó rápido.",2025-09-07,Hogar,9
217,999.0,abc,-50.0,400.0,-1.0,WEB,-3.0,1217,ok,2025-04-23,electronica,1
218,25.0,4032.04,52.95,55.0,22.0,móvil,11.0,1218,No estoy satisfecho con la compra.,2025-06-07,Hogar,6
219,15.0,8768.15,377.61,31.0,3.0,tienda_fisica,15.0,1219,Excelente atención y variedad de productos.,2025-08-24,Electrónica,6
220,999.0,,,-10.0,200.0,,-3.0,1220,producto,2025-07-01,???,1
221,17.0,3370.71,231.84,48.0,13.0,web,1.0,1221,El producto llegó defectuoso.,2025-11-29,Hogar,4
222,7.0,4056.79,305.14,68.0,64.0,móvil,9.0,1222,Relación calidad-precio aceptable.,2025-08-10,Servicios,3
223,0.0,-100,-50.0,-10.0,200.0,,,1223,,2025-05-03,,0
224,999.0,,,-10.0,-1.0,,50.0,1224,,2025-12-21,electronica,0
225,,abc,,400.0,200.0,WEB,,1225,,2025-01-02,,0
226,0.0,-100,,400.0,-1.0,123,-3.0,1226,ok,2025-04-06,???,1
227,999.0,,,-10.0,-1.0,,,1227,,2025-02-09,,0
228,-5.0,,-50.0,,-1.0,,-3.0,1228,12345,2025-01-09,electronica,1
229,25.0,1508.5,65.08,39.0,43.0,móvil,8.0,1229,Excelente atención y variedad de productos.,2025-09-09,Servicios,6
230,9.0,3674.68,26.51,46.0,39.0,tienda_fisica,12.0,1230,"Muy recomendable, volvería a comprar.",2025-06-20,Retail,5
231,4.0,2735.88,269.27,82.0,3.0,tienda_fisica,3.0,1231,"Muy recomendable, volvería a comprar.",2025-07-30,Ropa,5
232,16.0,357.5,297.24,90.0,56.0,tienda_fisica,6.0,1232,Entrega rápida y buen empaque.,2025-04-16,Servicios,5
233,9.0,8777.58,345.82,116.0,58.0,web,15.0,1233,"El servicio fue regular, podría mejorar.",2025-09-27,Hogar,6
234,999.0,,,-10.0,-1.0,movil,50.0,1234,12345,2025-09-24,electronica,1
235,26.0,4577.53,484.71,102.0,45.0,tienda_fisica,5.0,1235,El producto llegó defectuoso.,2025-02-26,Electrónica,4
236,22.0,1544.77,484.0,80.0,72.0,móvil,11.0,1236,"Muy recomendable, volvería a comprar.",2025-03-25,Servicios,5
237,-5.0,,-50.0,-10.0,,movil,50.0,1237,ok,2025-03-05,,1
238,,abc,-50.0,-10.0,,movil,-3.0,1238,12345,2025-06-29,,1
239,3.0,7146.31,88.47,94.0,26.0,tienda_fisica,7.0,1239,Excelente atención y variedad de productos.,2025-10-27,Ropa,6
240,16.0,9332.7,139.39,87.0,50.0,móvil,7.0,1240,"Buen producto, la calidad es excelente y llegó rápido.",2025-07-24,Servicios,9
241,20.0,3141.82,290.68,87.0,42.0,web,13.0,1241,Relación calidad-precio aceptable.,2025-10-24,Retail,3
242,999.0,abc,-50.0,,,WEB,-3.0,1242,,2025-06-02,electronica,0
243,13.0,7834.94,420.25,13.0,18.0,tienda_fisica,9.0,1243,Excelente atención y variedad de productos.,2025-08-15,Hogar,6
244,12.0,4305.31,221.84,53.0,60.0,tienda_fisica,1.0,1244,"Muy recomendable, volvería a comprar.",2025-10-14,Retail,5
245,,-100,,-10.0,200.0,,50.0,1245,,2025-10-17,,0
246,13.0,6717.29,242.15,98.0,67.0,web,8.0,1246,Excelente atención y variedad de productos.,2025-01-28,Hogar,6
247,-5.0,,,400.0,,movil,-3.0,1247,ok,2025-03-04,,1
248,23.0,2090.39,89.19,95.0,64.0,tienda_fisica,3.0,1248,"Buen producto, la calidad es excelente y llegó rápido.",2025-04-25,Ropa,9
249,21.0,3143.36,494.8,1.0,63.0,tienda_fisica,10.0,1249,Relación calidad-precio aceptable.,2025-12-19,Servicios,3
250,-5.0,abc,-50.0,-10.0,-1.0,,-3.0,1250,,2025-08-31,,0
251,-5.0,-100,,,,123,-3.0,1251,12345,2025-05-01,???,1
252,28.0,6598.69,79.13,19.0,3.0,tienda_fisica,3.0,1252,"Muy recomendable, volvería a comprar.",2025-03-14,Retail,5
253,17.0,7429.56,282.41,61.0,62.0,tienda_fisica,5.0,1253,Excelente atención y variedad de productos.,2025-05-29,Servicios,6
254,22.0,2788.05,205.19,103.0,14.0,tienda_fisica,8.0,1254,Entrega rápida y buen empaque.,2025-08-02,Hogar,5
255,15.0,1245.26,206.93,75.0,39.0,web,1.0,1255,Relación calidad-precio aceptable.,2025-11-27,Electrónica,3
256,2.0,9085.68,190.27,18.0,60.0,tienda_fisica,15.0,1256,"Muy recomendable, volvería a comprar.",2025-08-23,Ropa,5
257,0.0,,,400.0,-1.0,WEB,-3.0,1257,producto,2025-12-02,electronica,1
258,0.0,,,,-1.0,123,50.0,1258,12345,2025-09-05,electronica,1
259,19.0,7099.58,263.35,85.0,68.0,móvil,5.0,1259,Excelente atención y variedad de productos.,2025-03-08,Ropa,6
260,19.0,6193.88,213.81,6.0,4.0,tienda_fisica,14.0,1260,Entrega rápida y buen empaque.,2025-03-23,Ropa,5
261,,-100,-50.0,-10.0,-1.0,,50.0,1261,12345,2025-07-16,???,1
262,20.0,2542.31,37.96,96.0,10.0,móvil,8.0,1262,"Buen producto, la calidad es excelente y llegó rápido.",2025-07-11,Electrónica,9
263,4.0,7002.32,201.26,82.0,72.0,web,4.0,1263,Entrega rápida y buen empaque.,2025-04-11,Servicios,5
264,0.0,abc,-50.0,,200.0,,-3.0,1264,,2025-02-14,electronica,0
265,2.0,8109.59,448.78,47.0,53.0,tienda_fisica,10.0,1265,No estoy satisfecho con la compra.,2025-10-07,Electrónica,6
266,7.0,8332.41,293.78,61.0,65.0,móvil,6.0,1266,"Muy recomendable, volvería a comprar.",2025-07-02,Servicios,5
267,15.0,4303.74,200.54,10.0,11.0,tienda_fisica,3.0,1267,"El servicio fue regular, podría mejorar.",2025-09-22,Servicios,6
268,-5.0,abc,,-10.0,-1.0,,,1268,,2025-05-09,???,0
269,10.0,794.03,296.17,110.0,67.0,móvil,15.0,1269,Excelente atención y variedad de productos.,2025-11-09,Electrónica,6
270,18.0,6990.3,73.22,61.0,34.0,móvil,11.0,1270,"Buen producto, la calidad es excelente y llegó rápido.",2025-01-16,Ropa,9
271,,-100,-50.0,-10.0,200.0,,50.0,1271,,2025-06-18,electronica,0
272,16.0,775.47,475.04,116.0,5.0,tienda_fisica,6.0,1272,No estoy satisfecho con la compra.,2025-02-06,Electrónica,6
273,29.0,5536.68,474.37,35.0,6.0,tienda_fisica,2.0,1273,"El servicio fue regular, podría mejorar.",2025-01-19,Ropa,6
274,16.0,3069.01,427.92,30.0,3.0,web,15.0,1274,El producto llegó defectuoso.,2025-01-29,Retail,4
275,999.0,-100,,,200.0,WEB,-3.0,1275,,2025-08-09,???,0
276,15.0,1224.03,315.51,116.0,48.0,tienda_fisica,6.0,1276,"El servicio fue regular, podría mejorar.",2025-04-10,Servicios,6
277,-5.0,abc,-50.0,-10.0,,,50.0,1277,,2025-10-02,,0
278,3.0,613.71,230.51,37.0,6.0,web,6.0,1278,"Buen producto, la calidad es excelente y llegó rápido.",2025-06-29,Servicios,9
279,20.0,4008.3,335.64,85.0,10.0,web,2.0,1279,Excelente atención y variedad de productos.,2025-05-09,Retail,6
280,29.0,9155.25,125.74,92.0,39.0,web,6.0,1280,Entrega rápida y buen empaque.,2025-10-10,Hogar,5
281,-5.0,-100,,,200.0,WEB,50.0,1281,ok,2025-09-06,electronica,1
282,0.0,,-50.0,-10.0,,WEB,50.0,1282,producto,2025-03-14,,1
283,-5.0,-100,,-10.0,,WEB,,1283,12345,2025-10-29,???,1
284,28.0,6116.99,257.77,111.0,49.0,web,7.0,1284,Relación calidad-precio aceptable.,2025-08-16,Electrónica,3
285,999.0,abc,-50.0,400.0,,WEB,-3.0,1285,,2025-10-05,???,0
286,30.0,8290.17,146.02,97.0,28.0,web,13.0,1286,Entrega rápida y buen empaque.,2025-01-15,Ropa,5
287,-5.0,-100,,400.0,200.0,123,,1287,12345,2025-10-01,???,1
288,6.0,9605.03,244.32,119.0,31.0,tienda_fisica,3.0,1288,Relación calidad-precio aceptable.,2025-01-08,Ropa,3
289,,,,-10.0,200.0,movil,,1289,,2025-07-05,,0
290,,abc,,,-1.0,movil,,1290,,2025-08-25,,0
291,,,-50.0,,-1.0,,50.0,1291,,2025-02-10,???,0
292,999.0,-100,,,,123,,1292,,2025-03-07,electronica,0
293,-5.0,-100,-50.0,400.0,-1.0,WEB,-3.0,1293,producto,2025-12-17,,1
294,2.0,5556.41,129.42,92.0,34.0,móvil,5.0,1294,Entrega rápida y buen empaque.,2025-01-09,Ropa,5
295,20.0,2385.23,72.4,65.0,57.0,móvil,2.0,1295,"Buen producto, la calidad es excelente y llegó rápido.",2025-09-19,Ropa,9
296,,abc,,-10.0,200.0,WEB,,1296,producto,2025-05-25,electronica,1
297,999.0,abc,,,,movil,50.0,1297,ok,2025-01-16,electronica,1
298,-5.0,-100,-50.0,,200.0,,50.0,1298,,2025-09-18,electronica,0
299,13.0,8315.73,35.65,93.0,20.0,tienda_fisica,7.0,1299,No estoy satisfecho con la compra.,2025-11-29,Retail,6
300,999.0,abc,-50.0,400.0,-1.0,,50.0,1300,producto,2025-08-30,,1
301,9.0,1990.48,296.12,117.0,32.0,tienda_fisica,6.0,1301,Entrega rápida y buen empaque.,2025-05-05,Hogar,5
302,11.0,7494.47,75.4,31.0,57.0,móvil,12.0,1302,"Muy recomendable, volvería a comprar.",2025-07-29,Servicios,5
303,30.0,3654.86,252.39,30.0,58.0,móvil,13.0,1303,"El servicio fue regular, podría mejorar.",2025-08-03,Ropa,6
304,0.0,abc,,,,WEB,,1304,12345,2025-03-02,,1
305,999.0,abc,-50.0,-10.0,,,-3.0,1305,producto,2025-03-27,,1
306,0.0,-100,,-10.0,200.0,movil,-3.0,1306,,2025-02-07,???,0
307,,-100,,400.0,200.0,123,-3.0,1307,12345,2025-12-31,???,1
308,-5.0,abc,-50.0,-10.0,200.0,movil,,1308,producto,2025-08-18,electronica,1
309,10.0,7588.72,356.05,94.0,24.0,tienda_fisica,12.0,1309,El producto llegó defectuoso.,2025-10-29,Hogar,4
310,29.0,127.45,304.66,87.0,59.0,tienda_fisica,7.0,1310,Excelente atención y variedad de productos.,2025-06-14,Electrónica,6
311,25.0,1014.14,162.73,44.0,7.0,tienda_fisica,10.0,1311,Relación calidad-precio aceptable.,2025-09-23,Ropa,3
312,10.0,3261.86,172.92,23.0,19.0,tienda_fisica,1.0,1312,El producto llegó defectuoso.,2025-04-18,Ropa,4
313,4.0,3506.09,99.48,37.0,36.0,móvil,8.0,1313,Entrega rápida y buen empaque.,2025-08-13,Ropa,5
314,-5.0,-100,,-10.0,-1.0,WEB,-3.0,1314,ok,2025-10-10,electronica,1
315,29.0,5421.31,403.52,1.0,63.0,web,14.0,1315,"Buen producto, la calidad es excelente y llegó rápido.",2025-01-14,Electrónica,9
316,24.0,4476.01,80.57,59.0,38.0,móvil,15.0,1316,El producto llegó defectuoso.,2025-02-26,Ropa,4
317,16.0,2667.41,434.96,36.0,15.0,web,6.0,1317,El producto llegó defectuoso.,2025-02-10,Hogar,4
318,6.0,5095.25,152.53,81.0,66.0,web,11.0,1318,Entrega rápida y buen empaque.,2025-02-07,Electrónica,5
319,4.0,9327.06,401.21,41.0,25.0,móvil,14.0,1319,El producto llegó defectuoso.,2025-10-13,Electrónica,4
320,8.0,1411.9,200.58,29.0,26.0,tienda_fisica,5.0,1320,"Buen producto, la calidad es excelente y llegó rápido.",2025-08-29,Electrónica,9
321,0.0,-100,-50.0,400.0,200.0,WEB,50.0,1321,ok,2025-04-20,???,1
322,0.0,abc,-50.0,-10.0,,,50.0,1322,producto,2025-05-15,???,1
323,21.0,3519.6,274.62,24.0,39.0,tienda_fisica,14.0,1323,No estoy satisfecho con la compra.,2025-04-29,Ropa,6
324,26.0,6318.77,306.96,70.0,62.0,tienda_fisica,5.0,1324,"Muy recomendable, volvería a comprar.",2025-02-19,Hogar,5
325,,-100,,-10.0,-1.0,movil,,1325,12345,2025-06-13,???,1
326,25.0,8827.61,423.26,111.0,63.0,móvil,10.0,1326,Excelente atención y variedad de productos.,2025-07-30,Hogar,6
327,17.0,2190.31,428.47,53.0,8.0,web,9.0,1327,Relación calidad-precio aceptable.,2025-06-15,Retail,3
328,999.0,,,,-1.0,movil,,1328,12345,2025-09-06,???,1
329,15.0,4127.62,294.8,22.0,69.0,móvil,4.0,1329,Relación calidad-precio aceptable.,2025-11-17,Electrónica,3
330,-5.0,abc,-50.0,,-1.0,123,50.0,1330,,2025-06-20,electronica,0
331,17.0,2144.11,277.03,21.0,69.0,tienda_fisica,7.0,1331,"Buen producto, la calidad es excelente y llegó rápido.",2025-04-28,Electrónica,9
332,999.0,-100,-50.0,-10.0,-1.0,WEB,-3.0,1332,ok,2025-09-27,electronica,1
333,0.0,,,-10.0,-1.0,,50.0,1333,,2025-12-19,???,0
334,999.0,-100,,-10.0,-1.0,movil,-3.0,1334,12345,2025-09-16,,1
335,1.0,7439.39,280.02,118.0,20.0,tienda_fisica,2.0,1335,"Buen producto, la calidad es excelente y llegó rápido.",2025-10-29,Hogar,9
336,26.0,3271.08,265.93,3.0,39.0,web,5.0,1336,Relación calidad-precio aceptable.,2025-08-23,Ropa,3
337,,,-50.0,-10.0,,movil,50.0,1337,12345,2025-05-23,???,1
338,13.0,221.26,258.58,51.0,48.0,tienda_fisica,13.0,1338,No estoy satisfecho con la compra.,2025-10-07,Ropa,6
339,13.0,7723.5,234.6,62.0,14.0,móvil,11.0,1339,"Buen producto, la calidad es excelente y llegó rápido.",2025-06-09,Servicios,9
340,0.0,-100,,400.0,-1.0,,-3.0,1340,producto,2025-03-14,,1
341,2.0,7685.71,140.97,40.0,44.0,móvil,14.0,1341,No estoy satisfecho con la compra.,2025-03-19,Ropa,6
342,,abc,-50.0,400.0,,123,50.0,1342,,2025-09-13,???,0
343,999.0,abc,-50.0,-10.0,,WEB,50.0,1343,12345,2025-02-09,electronica,1
344,6.0,2013.81,437.48,15.0,5.0,web,15.0,1344,"El servicio fue regular, podría mejorar.",2025-08-06,Servicios,6
345,5.0,7502.48,282.6,52.0,2.0,tienda_fisica,5.0,1345,"Muy recomendable, volvería a comprar.",2025-03-02,Ropa,5
346,20.0,8900.97,290.63,22.0,19.0,móvil,5.0,1346,Entrega rápida y buen empaque.,2025-09-25,Retail,5
347,16.0,4655.66,469.38,119.0,18.0,tienda_fisica,3.0,1347,Relación calidad-precio aceptable.,2025-09-26,Retail,3
348,14.0,1833.3,245.84,1.0,40.0,móvil,12.0,1348,Entrega rápida y buen empaque.,2025-04-07,Electrónica,5
349,-5.0,-100,,400.0,-1.0,,-3.0,1349,ok,2025-06-29,???,1
350,30.0,1966.77,156.41,117.0,55.0,web,10.0,1350,"Buen producto, la calidad es excelente y llegó rápido.",2025-06-06,Retail,9
351,3.0,5946.76,69.43,28.0,36.0,móvil,3.0,1351,No estoy satisfecho con la compra.,2025-05-15,Retail,6
352,11.0,5777.77,429.63,78.0,36.0,web,13.0,1352,El producto llegó defectuoso.,2025-11-12,Ropa,4
353,1.0,7844.48,494.76,12.0,19.0,móvil,3.0,1353,Excelente atención y variedad de productos.,2025-03-26,Servicios,6
354,29.0,9699.93,85.75,104.0,57.0,web,7.0,1354,"El servicio fue regular, podría mejorar.",2025-12-07,Retail,6
355,8.0,5623.44,201.11,50.0,61.0,móvil,6.0,1355,"El servicio fue regular, podría mejorar.",2025-06-09,Ropa,6
356,29.0,6073.54,122.67,22.0,36.0,móvil,12.0,1356,"El servicio fue regular, podría mejorar.",2025-03-15,Ropa,6
357,23.0,7900.2,348.98,72.0,56.0,tienda_fisica,11.0,1357,"Muy recomendable, volvería a comprar.",2025-06-28,Hogar,5
358,999.0,-100,-50.0,,,movil,-3.0,1358,ok,2025-01-06,???,1
359,,,-50.0,,,movil,50.0,1359,,2025-01-07,,0
360,13.0,486.98,353.84,33.0,36.0,web,11.0,1360,"Muy recomendable, volvería a comprar.",2025-01-30,Retail,5
361,16.0,1779.02,379.97,83.0,70.0,web,13.0,1361,"Muy recomendable, volvería a comprar.",2025-02-23,Hogar,5
362,0.0,-100,,-10.0,-1.0,,,1362,,2025-11-23,,0
363,28.0,1982.11,314.72,3.0,43.0,móvil,14.0,1363,Relación calidad-precio aceptable.,2025-12-11,Electrónica,3
364,17.0,191.0,338.96,54.0,8.0,móvil,2.0,1364,Entrega rápida y buen empaque.,2025-04-09,Servicios,5
365,3.0,1767.22,41.36,78.0,26.0,tienda_fisica,12.0,1365,Relación calidad-precio aceptable.,2025-09-16,Servicios,3
366,9.0,5627.57,76.5,60.0,12.0,tienda_fisica,10.0,1366,Relación calidad-precio aceptable.,2025-08-26,Electrónica,3
367,0.0,,-50.0,-10.0,-1.0,,-3.0,1367,,2025-11-23,,0
368,27.0,6824.86,472.48,111.0,25.0,web,12.0,1368,Relación calidad-precio aceptable.,2025-03-09,Servicios,3
369,,-100,,,-1.0,,-3.0,1369,,2025-05-20,electronica,0
370,23.0,4424.0,64.36,46.0,47.0,web,6.0,1370,Relación calidad-precio aceptable.,2025-11-25,Retail,3
371,27.0,5872.97,94.74,73.0,27.0,tienda_fisica,12.0,1371,"Buen producto, la calidad es excelente y llegó rápido.",2025-08-11,Servicios,9
372,,-100,-50.0,,-1.0,movil,,1372,ok,2025-05-14,,1
373,0.0,,,,200.0,,,1373,12345,2025-12-04,,1
374,21.0,3620.9,452.49,21.0,54.0,web,8.0,1374,"El servicio fue regular, podría mejorar.",2025-06-21,Retail,6
375,,-100,,400.0,-1.0,,-3.0,1375,ok,2025-08-13,,1
376,24.0,4023.37,420.37,33.0,48.0,móvil,10.0,1376,El producto llegó defectuoso.,2025-06-22,Ropa,4
377,30.0,8780.46,386.32,116.0,65.0,móvil,2.0,1377,"Buen producto, la calidad es excelente y llegó rápido.",2025-08-04,Retail,9
378,19.0,334.12,265.86,119.0,39.0,móvil,15.0,1378,El producto llegó defectuoso.,2025-11-02,Ropa,4
379,5.0,6650.89,398.51,7.0,12.0,tienda_fisica,5.0,1379,Excelente atención y variedad de productos.,2025-03-14,Servicios,6
380,15.0,58.39,90.8,114.0,23.0,móvil,5.0,1380,Excelente atención y variedad de productos.,2025-06-07,Hogar,6
381,-5.0,abc,-50.0,-10.0,200.0,WEB,50.0,1381,12345,2025-07-11,,1
382,999.0,abc,,400.0,-1.0,WEB,,1382,,2025-12-09,electronica,0
383,13.0,1328.6,386.26,18.0,52.0,móvil,13.0,1383,"El servicio fue regular, podría mejorar.",2025-06-17,Servicios,6
384,18.0,762.99,254.39,95.0,4.0,tienda_fisica,4.0,1384,El producto llegó defectuoso.,2025-11-08,Hogar,4
385,,abc,-50.0,400.0,200.0,WEB,,1385,ok,2025-02-09,electronica,1
386,2.0,2151.76,228.99,44.0,50.0,web,11.0,1386,No estoy satisfecho con la compra.,2025-04-03,Hogar,6
387,22.0,8221.69,36.72,54.0,23.0,móvil,3.0,1387,El producto llegó defectuoso.,2025-07-23,Retail,4
388,12.0,6876.35,68.67,111.0,52.0,web,13.0,1388,"El servicio fue regular, podría mejorar.",2025-01-07,Hogar,6
389,-5.0,,,,-1.0,WEB,,1389,12345,2025-08-06,???,1
390,,,,400.0,,,-3.0,1390,producto,2025-04-02,???,1
391,5.0,119.22,475.14,91.0,34.0,tienda_fisica,4.0,1391,"El servicio fue regular, podría mejorar.",2025-09-21,Hogar,6
392,2.0,4674.39,39.13,112.0,63.0,tienda_fisica,8.0,1392,El producto llegó defectuoso.,2025-07-07,Hogar,4
393,999.0,,,-10.0,200.0,123,,1393,ok,2025-04-02,electronica,1
394,,,-50.0,400.0,-1.0,,,1394,12345,2025-01-19,,1
395,3.0,5373.1,80.51,19.0,64.0,móvil,7.0,1395,Excelente atención y variedad de productos.,2025-05-21,Servicios,6
396,999.0,-100,-50.0,,,,-3.0,1396,producto,2025-03-17,,1
397,17.0,9803.65,57.81,119.0,39.0,tienda_fisica,7.0,1397,El producto llegó defectuoso.,2025-07-25,Electrónica,4
398,-5.0,-100,,,200.0,movil,50.0,1398,12345,2025-10-04,,1
399,19.0,4755.54,385.15,56.0,36.0,web,12.0,1399,Entrega rápida y buen empaque.,2025-12-19,Electrónica,5
400,20.0,4016.77,107.0,37.0,35.0,móvil,1.0,1400,"Buen producto, la calidad es excelente y llegó rápido.",2025-07-28,Ropa,9
401,,,,-10.0,-1.0,,-3.0,1401,ok,2025-01-10,,1
402,24.0,7134.73,416.95,76.0,54.0,web,11.0,1402,Relación calidad-precio aceptable.,2025-11-01,Electrónica,3
403,-5.0,,,,,,,1403,producto,2025-03-19,???,1
404,18.0,6992.37,343.03,33.0,52.0,tienda_fisica,1.0,1404,No estoy satisfecho con la compra.,2025-12-05,Hogar,6
405,3.0,2115.13,492.74,48.0,39.0,web,5.0,1405,Entrega rápida y buen empaque.,2025-06-11,Hogar,5
406,20.0,5870.12,319.65,73.0,56.0,móvil,7.0,1406,Excelente atención y variedad de productos.,2025-01-12,Electrónica,6
407,8.0,3784.08,278.04,49.0,16.0,móvil,2.0,1407,"Muy recomendable, volvería a comprar.",2025-07-22,Ropa,5
408,0.0,abc,,400.0,,,,1408,,2025-04-22,electronica,0
409,25.0,3663.59,70.71,114.0,41.0,tienda_fisica,9.0,1409,Entrega rápida y buen empaque.,2025-10-02,Retail,5
410,25.0,4665.94,416.55,58.0,21.0,web,15.0,1410,"Muy recomendable, volvería a comprar.",2025-04-01,Hogar,5
411,25.0,4667.01,102.69,117.0,13.0,web,7.0,1411,Entrega rápida y buen empaque.,2025-10-25,Ropa,5
412,21.0,338.96,127.61,79.0,65.0,móvil,2.0,1412,No estoy satisfecho con la compra.,2025-11-03,Hogar,6
413,20.0,2536.91,293.27,61.0,12.0,móvil,6.0,1413,Entrega rápida y buen empaque.,2025-01-12,Electrónica,5
414,28.0,9136.41,239.73,93.0,31.0,tienda_fisica,3.0,1414,No estoy satisfecho con la compra.,2025-08-30,Hogar,6
415,10.0,694.89,34.83,74.0,60.0,web,8.0,1415,Excelente atención y variedad de productos.,2025-05-06,Retail,6
416,15.0,5027.14,73.36,78.0,43.0,móvil,14.0,1416,Excelente atención y variedad de productos.,2025-03-23,Servicios,6
417,999.0,abc,,,-1.0,,,1417,,2025-05-14,,0
418,15.0,4834.04,368.5,38.0,51.0,tienda_fisica,14.0,1418,"Buen producto, la calidad es excelente y llegó rápido.",2025-01-21,Electrónica,9
419,14.0,7884.86,69.74,109.0,34.0,tienda_fisica,13.0,1419,"Muy recomendable, volvería a comprar.",2025-10-24,Ropa,5
420,14.0,6582.54,88.14,32.0,62.0,web,4.0,1420,Entrega rápida y buen empaque.,2025-05-16,Servicios,5
421,0.0,,,,200.0,,,1421,12345,2025-06-19,???,1
422,20.0,405.66,87.21,67.0,37.0,tienda_fisica,1.0,1422,Relación calidad-precio aceptable.,2025-04-24,Retail,3
423,10.0,9450.68,95.99,82.0,40.0,tienda_fisica,8.0,1423,Relación calidad-precio aceptable.,2026-01-01,Retail,3
424,5.0,6094.12,432.39,33.0,30.0,móvil,1.0,1424,Excelente atención y variedad de productos.,2025-04-19,Servicios,6
425,9.0,3673.41,264.12,112.0,67.0,web,7.0,1425,"Buen producto, la calidad es excelente y llegó rápido.",2025-09-02,Ropa,9
426,19.0,8533.47,170.86,48.0,49.0,web,14.0,1426,Excelente atención y variedad de productos.,2025-09-06,Retail,6
427,16.0,8976.48,26.83,9.0,44.0,tienda_fisica,4.0,1427,Excelente atención y variedad de productos.,2025-06-08,Hogar,6
428,-5.0,abc,-50.0,,,WEB,,1428,producto,2025-10-19,electronica,1
429,24.0,2065.17,338.84,52.0,13.0,web,6.0,1429,No estoy satisfecho con la compra.,2025-09-17,Ropa,6
430,999.0,abc,-50.0,-10.0,,123,50.0,1430,,2025-04-04,,0
431,23.0,7187.93,105.17,78.0,35.0,tienda_fisica,9.0,1431,No estoy satisfecho con la compra.,2025-05-23,Servicios,6
432,,-100,-50.0,-10.0,-1.0,WEB,50.0,1432,,2025-10-25,,0
433,11.0,7910.66,55.07,62.0,15.0,web,8.0,1433,"Buen producto, la calidad es excelente y llegó rápido.",2025-02-12,Ropa,9
434,20.0,4897.95,293.28,75.0,56.0,web,14.0,1434,No estoy satisfecho con la compra.,2025-02-27,Ropa,6
435,1.0,2554.89,215.44,35.0,64.0,móvil,11.0,1435,"Muy recomendable, volvería a comprar.",2025-04-01,Servicios,5
436,,abc,-50.0,,,,50.0,1436,ok,2025-10-15,electronica,1
437,25.0,9459.69,254.04,41.0,66.0,tienda_fisica,8.0,1437,"El servicio fue regular, podría mejorar.",2025-09-11,Hogar,6
438,-5.0,,,400.0,200.0,,50.0,1438,ok,2025-04-04,???,1
439,,abc,,,200.0,,,1439,,2025-02-22,,0
440,11.0,1606.06,387.87,101.0,22.0,tienda_fisica,14.0,1440,Excelente atención y variedad de productos.,2025-03-22,Servicios,6
441,21.0,5972.53,220.12,93.0,35.0,web,4.0,1441,"Muy recomendable, volvería a comprar.",2025-05-15,Retail,5
442,10.0,3370.54,189.89,96.0,41.0,móvil,8.0,1442,Excelente atención y variedad de productos.,2025-06-07,Retail,6
443,25.0,9402.87,46.55,53.0,46.0,móvil,11.0,1443,"Buen producto, la calidad es excelente y llegó rápido.",2025-03-13,Hogar,9
444,7.0,6637.44,142.85,107.0,48.0,móvil,1.0,1444,No estoy satisfecho con la compra.,2025-06-14,Electrónica,6
445,26.0,2189.05,261.41,110.0,36.0,móvil,2.0,1445,No estoy satisfecho con la compra.,2025-02-08,Retail,6
446,999.0,-100,,400.0,200.0,movil,,1446,producto,2025-05-08,???,1
447,-5.0,-100,,,200.0,123,,1447,,2025-08-13,???,0
448,29.0,7510.77,175.78,100.0,53.0,web,14.0,1448,Excelente atención y variedad de productos.,2025-03-19,Hogar,6
449,18.0,925.65,137.71,74.0,70.0,tienda_fisica,13.0,1449,No estoy satisfecho con la compra.,2025-12-05,Retail,6
450,0.0,-100,,,,123,50.0,1450,,2025-04-20,electronica,0
451,,,-50.0,400.0,200.0,,,1451,12345,2025-05-11,,1
452,21.0,4137.25,210.23,63.0,7.0,web,14.0,1452,"El servicio fue regular, podría mejorar.",2025-09-28,Servicios,6
453,999.0,-100,,400.0,,123,,1453,,2025-10-22,electronica,0
454,-5.0,abc,-50.0,400.0,-1.0,,50.0,1454,producto,2025-02-14,,1
455,25.0,777.18,348.3,105.0,36.0,móvil,8.0,1455,No estoy satisfecho con la compra.,2025-08-20,Ropa,6
456,3.0,1857.65,296.11,59.0,68.0,tienda_fisica,13.0,1456,Entrega rápida y buen empaque.,2025-12-21,Servicios,5
457,19.0,2973.45,319.37,50.0,3.0,móvil,1.0,1457,El producto llegó defectuoso.,2025-04-26,Electrónica,4
458,,abc,,400.0,200.0,WEB,-3.0,1458,,2025-10-22,electronica,0
459,7.0,7741.27,118.95,24.0,13.0,tienda_fisica,1.0,1459,Excelente atención y variedad de productos.,2025-10-01,Ropa,6
460,3.0,3308.24,171.36,30.0,27.0,web,4.0,1460,Entrega rápida y buen empaque.,2025-06-05,Servicios,5
461,,-100,-50.0,,-1.0,movil,,1461,,2025-01-14,,0
462,2.0,4495.78,211.61,27.0,49.0,tienda_fisica,10.0,1462,El producto llegó defectuoso.,2025-03-05,Servicios,4
463,0.0,-100,,400.0,200.0,WEB,,1463,,2025-06-12,,0
464,16.0,2590.08,73.76,59.0,3.0,web,1.0,1464,Entrega rápida y buen empaque.,2025-07-14,Electrónica,5
465,12.0,9460.03,421.54,56.0,39.0,móvil,4.0,1465,Entrega rápida y buen empaque.,2025-12-26,Electrónica,5
466,,abc,,-10.0,-1.0,,-3.0,1466,,2025-04-01,???,0
467,5.0,6965.95,385.9,8.0,27.0,web,14.0,1467,Excelente atención y variedad de productos.,2025-12-05,Ropa,6
468,999.0,-100,-50.0,400.0,-1.0,123,50.0,1468,,2025-12-09,???,0
469,999.0,-100,,,200.0,,,1469,,2025-05-16,,0
470,1.0,8893.76,36.43,112.0,19.0,web,15.0,1470,Entrega rápida y buen empaque.,2025-07-28,Electrónica,5
471,-5.0,-100,,-10.0,-1.0,,,1471,,2025-02-03,,0
472,999.0,-100,-50.0,,,,,1472,12345,2025-05-12,???,1
473,-5.0,,,400.0,200.0,123,-3.0,1473,producto,2025-03-06,electronica,1
474,-5.0,abc,-50.0,400.0,,WEB,,1474,,2025-11-11,,0
475,,,,400.0,200.0,WEB,50.0,1475,,2025-09-22,electronica,0
476,14.0,3778.97,89.71,95.0,5.0,móvil,12.0,1476,Entrega rápida y buen empaque.,2025-07-17,Servicios,5
477,5.0,6364.57,420.98,31.0,21.0,web,7.0,1477,"Buen producto, la calidad es excelente y llegó rápido.",2025-06-15,Servicios,9
478,0.0,abc,,,-1.0,,,1478,ok,2025-11-15,???,1
479,,,-50.0,,,,,1479,ok,2025-10-09,,1
480,3.0,7830.44,224.73,4.0,70.0,web,3.0,1480,Relación calidad-precio aceptable.,2025-02-18,Retail,3
481,,-100,,,,,,1481,,2025-10-11,,0
482,13.0,8209.26,445.1,66.0,25.0,web,3.0,1482,Excelente atención y variedad de productos.,2025-12-15,Ropa,6
483,0.0,abc,-50.0,400.0,,,50.0,1483,ok,2025-04-28,,1
484,6.0,1046.37,99.51,82.0,29.0,tienda_fisica,14.0,1484,Entrega rápida y buen empaque.,2025-03-19,Servicios,5
485,9.0,536.68,485.19,52.0,38.0,tienda_fisica,7.0,1485,No estoy satisfecho con la compra.,2025-09-25,Hogar,6
486,5.0,7229.4,164.0,10.0,33.0,móvil,12.0,1486,Entrega rápida y buen empaque.,2025-10-12,Hogar,5
487,2.0,7563.94,87.35,62.0,21.0,web,13.0,1487,"El servicio fue regular, podría mejorar.",2025-05-05,Ropa,6
488,19.0,1974.04,420.48,10.0,29.0,web,5.0,1488,El producto llegó defectuoso.,2025-03-13,Hogar,4
489,7.0,4461.64,342.67,98.0,42.0,web,1.0,1489,Excelente atención y variedad de productos.,2025-11-23,Ropa,6
490,999.0,-100,,,-1.0,movil,50.0,1490,producto,2025-11-09,,1
491,2.0,3845.94,447.74,15.0,60.0,web,7.0,1491,Relación calidad-precio aceptable.,2025-10-27,Retail,3
492,-5.0,-100,,-10.0,200.0,,,1492,,2025-12-26,electronica,0
493,28.0,7710.96,424.32,94.0,36.0,móvil,15.0,1493,"El servicio fue regular, podría mejorar.",2025-05-09,Electrónica,6
494,12.0,876.78,68.54,104.0,63.0,móvil,4.0,1494,Relación calidad-precio aceptable.,2025-10-27,Hogar,3
495,4.0,9973.16,416.61,63.0,72.0,tienda_fisica,10.0,1495,Relación calidad-precio aceptable.,2025-10-17,Hogar,3
496,20.0,1122.59,422.34,83.0,13.0,tienda_fisica,10.0,1496,"Buen producto, la calidad es excelente y llegó rápido.",2025-02-18,Hogar,9
497,999.0,,-50.0,,200.0,WEB,,1497,producto,2025-08-24,electronica,1
498,27.0,8061.94,377.31,56.0,4.0,tienda_fisica,4.0,1498,El producto llegó defectuoso.,2025-10-18,Electrónica,4
499,999.0,-100,,,,movil,50.0,1499,ok,2025-06-26,,1
500,26.0,525.6,239.94,82.0,34.0,web,13.0,1500,"Muy recomendable, volvería a comprar.",2025-03-24,Retail,5
501,,-100,,-10.0,,123,,1501,12345,2025-11-12,electronica,1
502,4.0,9146.0,63.41,52.0,41.0,web,10.0,1502,Relación calidad-precio aceptable.,2025-09-12,Retail,3
503,28.0,7088.59,188.29,104.0,57.0,móvil,15.0,1503,Relación calidad-precio aceptable.,2025-07-05,Servicios,3
504,4.0,1938.41,169.05,65.0,72.0,web,5.0,1504,"Buen producto, la calidad es excelente y llegó rápido.",2025-10-14,Retail,9
505,7.0,978.97,361.6,118.0,52.0,móvil,14.0,1505,"El servicio fue regular, podría mejorar.",2025-05-15,Ropa,6
506,0.0,,-50.0,400.0,,movil,50.0,1506,12345,2025-10-19,electronica,1
507,27.0,455.69,283.03,86.0,36.0,móvil,1.0,1507,"Muy recomendable, volvería a comprar.",2025-09-11,Servicios,5
508,999.0,abc,-50.0,-10.0,-1.0,WEB,,1508,,2025-05-05,,0
509,14.0,5585.41,499.22,25.0,53.0,tienda_fisica,3.0,1509,"Muy recomendable, volvería a comprar.",2025-09-23,Hogar,5
510,24.0,2651.85,402.46,47.0,34.0,tienda_fisica,7.0,1510,El producto llegó defectuoso.,2025-07-09,Ropa,4
511,3.0,9583.01,84.56,111.0,32.0,web,13.0,1511,Entrega rápida y buen empaque.,2025-10-03,Retail,5
512,18.0,3169.17,407.48,78.0,30.0,web,12.0,1512,"Muy recomendable, volvería a comprar.",2025-06-28,Ropa,5
513,15.0,2727.88,421.57,59.0,57.0,tienda_fisica,8.0,1513,No estoy satisfecho con la compra.,2025-10-30,Ropa,6
514,18.0,6520.26,450.0,62.0,19.0,web,2.0,1514,"Muy recomendable, volvería a comprar.",2025-12-16,Electrónica,5
515,29.0,7291.22,362.53,63.0,56.0,tienda_fisica,12.0,1515,Relación calidad-precio aceptable.,2025-03-10,Retail,3
516,18.0,6987.2,166.24,30.0,66.0,web,7.0,1516,Relación calidad-precio aceptable.,2025-03-15,Hogar,3
517,28.0,117.41,312.61,92.0,46.0,tienda_fisica,10.0,1517,Entrega rápida y buen empaque.,2025-03-03,Ropa,5
518,17.0,4166.43,97.38,25.0,32.0,web,10.0,1518,"El servicio fue regular, podría mejorar.",2025-04-02,Ropa,6
519,11.0,936.6,474.15,74.0,50.0,web,13.0,1519,"El servicio fue regular, podría mejorar.",2025-07-28,Hogar,6
520,6.0,1003.84,190.48,91.0,56.0,móvil,15.0,1520,Entrega rápida y buen empaque.,2025-05-10,Servicios,5
521,7.0,2305.07,493.11,82.0,11.0,web,6.0,1521,El producto llegó defectuoso.,2025-08-20,Retail,4
522,29.0,6081.29,491.36,8.0,48.0,tienda_fisica,2.0,1522,"Buen producto, la calidad es excelente y llegó rápido.",2025-03-28,Retail,9
523,,,,-10.0,200.0,123,50.0,1523,,2025-07-11,,0
524,6.0,5375.38,488.37,13.0,20.0,web,10.0,1524,"Muy recomendable, volvería a comprar.",2025-07-11,Servicios,5
525,27.0,8199.0,34.56,5.0,69.0,móvil,15.0,1525,Excelente atención y variedad de productos.,2025-03-03,Servicios,6
526,12.0,6846.17,303.25,22.0,13.0,móvil,8.0,1526,"El servicio fue regular, podría mejorar.",2025-04-09,Retail,6
527,30.0,6601.96,419.25,101.0,58.0,tienda_fisica,2.0,1527,"Muy recomendable, volvería a comprar.",2025-12-09,Retail,5
528,5.0,2432.54,412.44,25.0,52.0,móvil,1.0,1528,Entrega rápida y buen empaque.,2025-07-03,Servicios,5
529,-5.0,abc,,400.0,200.0,,50.0,1529,producto,2025-12-26,,1
530,10.0,3237.15,234.99,26.0,38.0,móvil,11.0,1530,No estoy satisfecho con la compra.,2025-08-07,Ropa,6
531,1.0,4937.83,174.33,62.0,50.0,móvil,5.0,1531,"Muy recomendable, volvería a comprar.",2025-09-12,Electrónica,5
532,7.0,9470.46,167.42,76.0,70.0,móvil,3.0,1532,"Buen producto, la calidad es excelente y llegó rápido.",2025-11-25,Electrónica,9
533,,,-50.0,,200.0,,-3.0,1533,,2025-12-17,,0
534,17.0,3739.7,355.61,117.0,28.0,tienda_fisica,2.0,1534,Excelente atención y variedad de productos.,2025-08-23,Ropa,6
535,23.0,2075.9,119.23,82.0,2.0,web,1.0,1535,"El servicio fue regular, podría mejorar.",2025-07-15,Retail,6
536,0.0,abc,,-10.0,,,-3.0,1536,,2025-07-10,electronica,0
537,5.0,6007.58,318.45,34.0,55.0,móvil,11.0,1537,Excelente atención y variedad de productos.,2025-10-20,Electrónica,6
538,29.0,6550.7,458.59,53.0,2.0,tienda_fisica,7.0,1538,No estoy satisfecho con la compra.,2025-07-31,Retail,6
539,20.0,153.78,352.41,6.0,58.0,web,3.0,1539,Relación calidad-precio aceptable.,2025-12-06,Hogar,3
540,6.0,9027.06,254.5,24.0,69.0,web,6.0,1540,"El servicio fue regular, podría mejorar.",2025-03-27,Electrónica,6
541,18.0,2900.07,430.64,34.0,14.0,móvil,13.0,1541,Relación calidad-precio aceptable.,2025-03-03,Hogar,3
542,7.0,1314.79,497.87,61.0,62.0,web,2.0,1542,"Muy recomendable, volvería a comprar.",2025-02-27,Electrónica,5
543,-5.0,-100,,400.0,,,,1543,,2025-03-15,,0
544,25.0,2143.79,172.6,73.0,2.0,web,3.0,1544,No estoy satisfecho con la compra.,2025-06-24,Ropa,6
545,15.0,2046.46,329.18,51.0,49.0,móvil,3.0,1545,Entrega rápida y buen empaque.,2025-05-30,Servicios,5
546,11.0,6597.22,230.66,112.0,57.0,web,2.0,1546,No estoy satisfecho con la compra.,2025-05-06,Servicios,6
547,5.0,5493.88,172.43,15.0,9.0,móvil,7.0,1547,Excelente atención y variedad de productos.,2025-09-23,Ropa,6
548,12.0,432.38,452.73,88.0,30.0,tienda_fisica,1.0,1548,Entrega rápida y buen empaque.,2025-07-15,Servicios,5
549,-5.0,-100,-50.0,400.0,200.0,,-3.0,1549,producto,2025-01-11,???,1
550,10.0,6871.82,205.65,117.0,31.0,móvil,11.0,1550,El producto llegó defectuoso.,2025-09-09,Ropa,4
551,30.0,8990.84,238.03,113.0,47.0,móvil,4.0,1551,"Muy recomendable, volvería a comprar.",2025-03-15,Hogar,5
552,0.0,,-50.0,,,WEB,-3.0,1552,ok,2025-01-22,???,1
553,13.0,1293.99,320.72,27.0,52.0,tienda_fisica,7.0,1553,No estoy satisfecho con la compra.,2025-08-02,Ropa,6
554,15.0,3667.42,176.49,52.0,18.0,móvil,12.0,1554,El producto llegó defectuoso.,2025-09-29,Hogar,4
555,0.0,abc,,,200.0,WEB,,1555,producto,2025-07-11,,1
556,16.0,1131.07,333.07,39.0,53.0,web,1.0,1556,Excelente atención y variedad de productos.,2025-04-13,Hogar,6
557,999.0,-100,,-10.0,200.0,123,-3.0,1557,12345,2025-07-17,,1
558,21.0,4048.67,395.29,26.0,20.0,web,7.0,1558,Excelente atención y variedad de productos.,2025-06-12,Retail,6
559,11.0,6123.06,386.43,68.0,5.0,tienda_fisica,11.0,1559,"Muy recomendable, volvería a comprar.",2025-02-19,Servicios,5
560,30.0,8629.38,45.32,110.0,12.0,web,6.0,1560,"Buen producto, la calidad es excelente y llegó rápido.",2025-07-02,Electrónica,9
561,-5.0,,,400.0,,WEB,,1561,ok,2025-06-23,,1
562,26.0,5640.78,452.39,20.0,21.0,móvil,7.0,1562,"El servicio fue regular, podría mejorar.",2025-03-02,Retail,6
563,18.0,5545.6,245.39,36.0,32.0,tienda_fisica,2.0,1563,Excelente atención y variedad de productos.,2025-12-06,Hogar,6
564,5.0,8808.31,246.95,62.0,22.0,móvil,13.0,1564,"Buen producto, la calidad es excelente y llegó rápido.",2025-01-11,Electrónica,9
565,15.0,8945.18,485.74,86.0,45.0,móvil,15.0,1565,Excelente atención y variedad de productos.,2025-06-23,Hogar,6
566,5.0,6259.11,345.14,118.0,20.0,móvil,2.0,1566,Excelente atención y variedad de productos.,2025-12-09,Electrónica,6
567,,abc,,-10.0,200.0,movil,50.0,1567,,2025-08-02,electronica,0
568,17.0,2838.45,269.81,118.0,4.0,móvil,8.0,1568,No estoy satisfecho con la compra.,2025-06-13,Retail,6
569,9.0,4516.86,227.82,6.0,35.0,web,12.0,1569,Relación calidad-precio aceptable.,2025-12-03,Servicios,3
570,5.0,8726.8,464.74,2.0,3.0,web,5.0,1570,"Buen producto, la calidad es excelente y llegó rápido.",2025-07-14,Retail,9
571,-5.0,abc,,400.0,,,,1571,12345,2025-07-07,???,1
572,5.0,9431.92,365.18,71.0,25.0,móvil,8.0,1572,Entrega rápida y buen empaque.,2025-05-25,Hogar,5
573,-5.0,-100,-50.0,-10.0,-1.0,,-3.0,1573,ok,2025-04-01,,1
574,25.0,919.5,56.2,93.0,2.0,web,12.0,1574,No estoy satisfecho con la compra.,2025-06-24,Ropa,6
575,19.0,6279.96,438.25,59.0,43.0,tienda_fisica,13.0,1575,Excelente atención y variedad de productos.,2025-12-07,Electrónica,6
576,0.0,abc,-50.0,-10.0,-1.0,,50.0,1576,,2025-02-16,,0
577,-5.0,,,400.0,200.0,WEB,-3.0,1577,,2025-09-01,,0
578,16.0,2916.23,344.56,111.0,8.0,tienda_fisica,8.0,1578,Excelente atención y variedad de productos.,2025-04-05,Hogar,6
579,9.0,1481.73,280.16,25.0,16.0,web,12.0,1579,No estoy satisfecho con la compra.,2025-02-08,Servicios,6
580,999.0,abc,,400.0,,movil,50.0,1580,,2025-11-24,,0
581,0.0,abc,-50.0,400.0,200.0,,,1581,ok,2025-05-25,electronica,1
582,16.0,3475.02,371.8,80.0,56.0,web,2.0,1582,"El servicio fue regular, podría mejorar.",2025-12-12,Electrónica,6
583,24.0,6761.29,172.83,99.0,47.0,tienda_fisica,12.0,1583,"Buen producto, la calidad es excelente y llegó rápido.",2025-12-15,Hogar,9
584,24.0,8405.27,236.38,96.0,62.0,web,6.0,1584,Relación calidad-precio aceptable.,2025-09-13,Ropa,3
585,0.0,-100,-50.0,-10.0,200.0,,,1585,producto,2025-07-29,electronica,1
586,15.0,8693.39,242.91,20.0,19.0,móvil,12.0,1586,El producto llegó defectuoso.,2025-07-17,Retail,4
587,13.0,9898.13,323.45,52.0,47.0,web,1.0,1587,Entrega rápida y buen empaque.,2025-08-11,Servicios,5
588,19.0,9463.13,124.16,3.0,51.0,tienda_fisica,8.0,1588,Excelente atención y variedad de productos.,2025-03-18,Servicios,6
589,999.0,-100,,400.0,,WEB,-3.0,1589,12345,2025-04-08,,1
590,14.0,9475.94,96.71,86.0,8.0,tienda_fisica,6.0,1590,El producto llegó defectuoso.,2025-02-24,Hogar,4
591,,-100,-50.0,400.0,,movil,-3.0,1591,producto,2025-08-02,???,1
592,21.0,3140.59,316.87,79.0,16.0,móvil,10.0,1592,Entrega rápida y buen empaque.,2025-03-08,Servicios,5
593,12.0,5675.01,247.29,3.0,58.0,móvil,6.0,1593,Excelente atención y variedad de productos.,2025-08-02,Retail,6
594,999.0,,,400.0,,movil,50.0,1594,ok,2025-04-10,,1
595,23.0,5948.71,133.77,105.0,32.0,móvil,8.0,1595,No estoy satisfecho con la compra.,2025-10-16,Ropa,6
596,13.0,7514.41,319.33,11.0,68.0,web,8.0,1596,"El servicio fue regular, podría mejorar.",2025-08-25,Retail,6
597,15.0,3926.29,112.73,99.0,36.0,tienda_fisica,12.0,1597,"El servicio fue regular, podría mejorar.",2025-03-15,Retail,6
598,8.0,6349.04,177.06,106.0,62.0,web,9.0,1598,No estoy satisfecho con la compra.,2025-03-16,Hogar,6
599,20.0,8837.97,116.03,104.0,25.0,móvil,15.0,1599,Entrega rápida y buen empaque.,2025-11-02,Hogar,5
600,17.0,7998.54,155.58,102.0,49.0,móvil,7.0,1600,No estoy satisfecho con la compra.,2025-12-25,Electrónica,6
601,7.0,1483.39,32.14,84.0,54.0,web,2.0,1601,Relación calidad-precio aceptable.,2025-07-08,Retail,3
602,18.0,1611.94,233.19,41.0,14.0,web,15.0,1602,El producto llegó defectuoso.,2025-05-21,Hogar,4
603,10.0,1670.87,81.7,3.0,16.0,web,1.0,1603,"Muy recomendable, volvería a comprar.",2025-06-17,Ropa,5
604,27.0,7218.99,284.06,81.0,56.0,móvil,11.0,1604,Entrega rápida y buen empaque.,2025-06-15,Servicios,5
605,21.0,2864.94,291.5,73.0,6.0,móvil,15.0,1605,"Buen producto, la calidad es excelente y llegó rápido.",2025-09-19,Ropa,9
606,-5.0,-100,-50.0,-10.0,200.0,WEB,-3.0,1606,,2026-01-01,???,0
607,-5.0,,,-10.0,,movil,,1607,ok,2025-10-07,electronica,1
608,-5.0,-100,,-10.0,-1.0,,,1608,,2025-04-27,???,0
609,0.0,,-50.0,-10.0,-1.0,123,-3.0,1609,,2025-03-20,,0
610,11.0,3905.88,324.48,51.0,3.0,web,9.0,1610,Entrega rápida y buen empaque.,2025-05-29,Ropa,5
611,2.0,2041.24,37.28,30.0,63.0,tienda_fisica,1.0,1611,"El servicio fue regular, podría mejorar.",2025-06-28,Hogar,6
612,13.0,2167.14,277.39,118.0,37.0,tienda_fisica,5.0,1612,Excelente atención y variedad de productos.,2025-10-12,Retail,6
613,25.0,6095.8,180.55,42.0,34.0,móvil,7.0,1613,No estoy satisfecho con la compra.,2025-03-03,Servicios,6
614,20.0,9678.96,342.49,99.0,52.0,móvil,4.0,1614,"Muy recomendable, volvería a comprar.",2025-04-05,Electrónica,5
615,0.0,abc,,400.0,200.0,,-3.0,1615,,2025-10-31,,0
616,21.0,6279.87,292.09,114.0,33.0,móvil,4.0,1616,"Buen producto, la calidad es excelente y llegó rápido.",2025-09-19,Hogar,9
617,,-100,,400.0,,,50.0,1617,,2025-06-17,,0
618,30.0,4942.24,289.2,37.0,32.0,móvil,2.0,1618,Excelente atención y variedad de productos.,2025-11-12,Ropa,6
619,-5.0,-100,,-10.0,,,,1619,producto,2025-07-15,,1
620,12.0,2192.32,111.58,55.0,48.0,web,2.0,1620,"Buen producto, la calidad es excelente y llegó rápido.",2025-05-24,Electrónica,9
621,29.0,1244.76,88.08,59.0,27.0,web,2.0,1621,"Buen producto, la calidad es excelente y llegó rápido.",2025-11-22,Retail,9
622,6.0,192.72,61.33,31.0,59.0,tienda_fisica,14.0,1622,"Muy recomendable, volvería a comprar.",2025-10-24,Electrónica,5
623,23.0,5654.14,50.38,89.0,20.0,móvil,4.0,1623,"Buen producto, la calidad es excelente y llegó rápido.",2025-02-03,Retail,9
624,16.0,4353.25,243.54,23.0,2.0,móvil,10.0,1624,"Buen producto, la calidad es excelente y llegó rápido.",2025-01-23,Electrónica,9
625,7.0,8029.31,31.72,35.0,25.0,móvil,4.0,1625,"Muy recomendable, volvería a comprar.",2025-12-20,Retail,5
626,18.0,9523.86,254.49,30.0,7.0,web,5.0,1626,El producto llegó defectuoso.,2025-07-06,Electrónica,4
627,0.0,,,400.0,200.0,movil,50.0,1627,12345,2025-03-16,???,1
628,999.0,,,,,movil,-3.0,1628,,2025-12-11,???,0
629,12.0,9615.79,61.49,33.0,18.0,móvil,6.0,1629,El producto llegó defectuoso.,2025-07-03,Ropa,4
630,29.0,475.42,263.05,111.0,19.0,móvil,10.0,1630,Excelente atención y variedad de productos.,2025-06-24,Ropa,6
631,27.0,7933.16,415.85,51.0,11.0,tienda_fisica,14.0,1631,Excelente atención y variedad de productos.,2025-08-03,Servicios,6
632,17.0,1082.96,21.94,120.0,71.0,tienda_fisica,11.0,1632,"Buen producto, la calidad es excelente y llegó rápido.",2025-03-26,Ropa,9
633,4.0,3288.6,421.51,48.0,71.0,tienda_fisica,15.0,1633,"Muy recomendable, volvería a comprar.",2025-07-22,Retail,5
634,24.0,4109.58,380.75,14.0,29.0,móvil,11.0,1634,Entrega rápida y buen empaque.,2025-11-26,Servicios,5
635,29.0,7946.26,262.17,14.0,64.0,tienda_fisica,3.0,1635,"Buen producto, la calidad es excelente y llegó rápido.",2025-02-06,Servicios,9
636,10.0,8261.06,280.14,13.0,25.0,móvil,1.0,1636,El producto llegó defectuoso.,2025-01-09,Servicios,4
637,-5.0,-100,,,-1.0,,,1637,,2025-07-03,,0
638,11.0,3908.09,120.06,55.0,62.0,web,11.0,1638,Relación calidad-precio aceptable.,2025-11-11,Ropa,3
639,16.0,3230.34,34.9,90.0,61.0,tienda_fisica,14.0,1639,"Buen producto, la calidad es excelente y llegó rápido.",2025-07-16,Hogar,9
640,22.0,4928.57,33.12,5.0,63.0,web,13.0,1640,Entrega rápida y buen empaque.,2025-02-14,Hogar,5
641,8.0,7256.57,363.49,119.0,13.0,tienda_fisica,8.0,1641,"El servicio fue regular, podría mejorar.",2025-07-14,Electrónica,6
642,2.0,3262.58,285.26,91.0,58.0,web,4.0,1642,"Muy recomendable, volvería a comprar.",2025-11-11,Ropa,5
643,30.0,5087.63,53.17,24.0,60.0,web,5.0,1643,"Buen producto, la calidad es excelente y llegó rápido.",2025-12-23,Servicios,9
644,19.0,1220.8,268.03,23.0,58.0,tienda_fisica,5.0,1644,Relación calidad-precio aceptable.,2025-03-25,Electrónica,3
645,-5.0,abc,-50.0,-10.0,-1.0,123,,1645,12345,2025-09-06,electronica,1
646,-5.0,,-50.0,-10.0,,,50.0,1646,12345,2025-10-26,,1
647,4.0,1686.11,83.36,78.0,4.0,web,8.0,1647,"El servicio fue regular, podría mejorar.",2025-09-12,Hogar,6
648,23.0,5275.49,353.03,82.0,70.0,tienda_fisica,2.0,1648,"Buen producto, la calidad es excelente y llegó rápido.",2025-08-03,Hogar,9
649,3.0,698.49,146.13,86.0,46.0,móvil,8.0,1649,El producto llegó defectuoso.,2025-07-25,Hogar,4
650,1.0,1661.85,293.8,86.0,26.0,web,8.0,1650,"El servicio fue regular, podría mejorar.",2025-12-04,Servicios,6
651,16.0,714.85,399.2,24.0,53.0,móvil,2.0,1651,Relación calidad-precio aceptable.,2025-10-14,Ropa,3
652,0.0,abc,,-10.0,,WEB,-3.0,1652,ok,2025-09-19,,1
653,19.0,5328.67,165.61,104.0,18.0,web,6.0,1653,Relación calidad-precio aceptable.,2025-05-05,Ropa,3
654,16.0,4813.41,67.54,50.0,71.0,web,11.0,1654,"Muy recomendable, volvería a comprar.",2025-11-18,Servicios,5
655,28.0,5123.19,433.37,9.0,62.0,web,9.0,1655,Excelente atención y variedad de productos.,2025-02-07,Servicios,6
656,8.0,8288.36,215.07,97.0,56.0,web,1.0,1656,Entrega rápida y buen empaque.,2025-06-14,Hogar,5
657,13.0,4525.79,421.46,29.0,17.0,web,8.0,1657,Entrega rápida y buen empaque.,2025-11-11,Servicios,5
658,8.0,6009.84,158.06,99.0,10.0,tienda_fisica,7.0,1658,Excelente atención y variedad de productos.,2025-11-04,Hogar,6
659,-5.0,,,,,,,1659,,2025-11-29,,0
660,30.0,3116.01,475.28,66.0,63.0,móvil,7.0,1660,Entrega rápida y buen empaque.,2025-12-19,Retail,5
661,16.0,3403.9,351.88,44.0,69.0,tienda_fisica,9.0,1661,Excelente atención y variedad de productos.,2025-11-12,Ropa,6
662,28.0,2925.02,266.49,41.0,42.0,móvil,15.0,1662,Relación calidad-precio aceptable.,2025-05-03,Retail,3
663,27.0,3383.23,344.53,36.0,34.0,móvil,10.0,1663,No estoy satisfecho con la compra.,2025-08-06,Retail,6
664,26.0,7710.59,161.61,88.0,47.0,web,12.0,1664,Excelente atención y variedad de productos.,2025-10-05,Ropa,6
665,4.0,7259.7,440.55,82.0,32.0,web,4.0,1665,Excelente atención y variedad de productos.,2025-11-03,Hogar,6
666,12.0,2494.06,252.48,35.0,59.0,móvil,9.0,1666,"Muy recomendable, volvería a comprar.",2025-06-24,Servicios,5
667,-5.0,,,-10.0,-1.0,123,-3.0,1667,ok,2025-05-11,,1
668,17.0,5696.16,115.61,7.0,55.0,móvil,11.0,1668,Relación calidad-precio aceptable.,2025-09-08,Ropa,3
669,11.0,1238.48,106.93,47.0,7.0,móvil,1.0,1669,El producto llegó defectuoso.,2025-02-05,Hogar,4
670,-5.0,abc,,-10.0,-1.0,123,50.0,1670,,2025-10-18,electronica,0
671,,,,-10.0,-1.0,,-3.0,1671,producto,2025-11-13,electronica,1
672,27.0,2401.81,31.02,75.0,41.0,móvil,13.0,1672,Entrega rápida y buen empaque.,2025-04-23,Ropa,5
673,-5.0,-100,-50.0,400.0,200.0,,50.0,1673,producto,2025-05-19,,1
674,28.0,4093.7,136.17,79.0,22.0,web,15.0,1674,No estoy satisfecho con la compra.,2025-03-30,Electrónica,6
675,8.0,6728.06,228.89,111.0,50.0,móvil,8.0,1675,"Buen producto, la calidad es excelente y llegó rápido.",2025-04-20,Electrónica,9
676,999.0,-100,,400.0,,,-3.0,1676,12345,2025-10-05,???,1
677,26.0,8757.71,184.3,3.0,64.0,web,9.0,1677,El producto llegó defectuoso.,2025-11-12,Hogar,4
678,12.0,1487.93,57.13,108.0,49.0,móvil,3.0,1678,No estoy satisfecho con la compra.,2025-07-26,Ropa,6
679,,-100,,-10.0,,movil,50.0,1679,12345,2025-08-29,electronica,1
680,21.0,6990.93,237.08,103.0,3.0,tienda_fisica,7.0,1680,No estoy satisfecho con la compra.,2025-10-20,Ropa,6
681,999.0,abc,,,-1.0,,,1681,12345,2025-05-11,,1
682,999.0,-100,-50.0,-10.0,200.0,movil,50.0,1682,ok,2025-09-22,electronica,1
683,12.0,527.39,129.72,91.0,21.0,web,2.0,1683,El producto llegó defectuoso.,2025-11-12,Electrónica,4
684,17.0,9323.5,237.49,38.0,19.0,web,14.0,1684,"El servicio fue regular, podría mejorar.",2025-08-12,Retail,6
685,,-100,-50.0,-10.0,-1.0,WEB,50.0,1685,12345,2025-01-27,,1
686,18.0,4728.97,223.17,22.0,31.0,tienda_fisica,1.0,1686,Relación calidad-precio aceptable.,2025-04-11,Servicios,3
687,9.0,8182.03,105.79,16.0,60.0,web,9.0,1687,"El servicio fue regular, podría mejorar.",2025-07-08,Electrónica,6
688,8.0,7879.74,176.23,22.0,35.0,web,9.0,1688,Excelente atención y variedad de productos.,2025-01-11,Ropa,6
689,6.0,531.03,94.84,17.0,31.0,web,14.0,1689,Excelente atención y variedad de productos.,2025-11-08,Hogar,6
690,8.0,4576.69,360.9,92.0,32.0,tienda_fisica,3.0,1690,"Muy recomendable, volvería a comprar.",2025-11-24,Retail,5
691,5.0,55.71,241.17,103.0,63.0,web,11.0,1691,El producto llegó defectuoso.,2025-07-22,Electrónica,4
692,21.0,9435.69,189.89,78.0,52.0,tienda_fisica,13.0,1692,"Muy recomendable, volvería a comprar.",2025-05-09,Hogar,5
693,5.0,8058.15,119.31,77.0,48.0,móvil,14.0,1693,"Muy recomendable, volvería a comprar.",2025-06-02,Servicios,5
694,,,-50.0,,,,-3.0,1694,12345,2025-01-09,???,1
695,0.0,abc,,,-1.0,WEB,-3.0,1695,producto,2025-01-09,???,1
696,13.0,4690.17,243.3,113.0,27.0,móvil,8.0,1696,"Muy recomendable, volvería a comprar.",2025-03-08,Retail,5
697,29.0,6418.23,68.62,48.0,7.0,web,6.0,1697,Excelente atención y variedad de productos.,2025-08-27,Servicios,6
698,20.0,2974.81,414.13,71.0,62.0,tienda_fisica,1.0,1698,"El servicio fue regular, podría mejorar.",2025-09-03,Hogar,6
699,0.0,-100,-50.0,-10.0,200.0,movil,50.0,1699,ok,2025-10-15,,1
700,,-100,,,,,50.0,1700,producto,2025-08-24,,1
701,-5.0,abc,-50.0,,,movil,,1701,ok,2025-09-21,electronica,1
702,999.0,,,400.0,200.0,123,50.0,1702,,2025-05-17,,0
703,999.0,,,-10.0,-1.0,WEB,-3.0,1703,producto,2025-06-05,,1
704,0.0,,-50.0,,200.0,WEB,50.0,1704,12345,2025-05-11,,1
705,6.0,8595.46,147.44,62.0,9.0,web,4.0,1705,"El servicio fue regular, podría mejorar.",2025-08-28,Electrónica,6
706,3.0,6710.7,409.61,44.0,48.0,web,14.0,1706,"El servicio fue regular, podría mejorar.",2025-08-29,Hogar,6
707,21.0,6666.17,272.82,86.0,67.0,móvil,11.0,1707,Entrega rápida y buen empaque.,2025-05-23,Ropa,5
708,14.0,4859.79,177.51,66.0,39.0,web,8.0,1708,"Buen producto, la calidad es excelente y llegó rápido.",2025-07-27,Servicios,9
709,-5.0,-100,-50.0,-10.0,-1.0,123,,1709,ok,2025-03-20,electronica,1
710,14.0,7438.11,221.26,43.0,39.0,tienda_fisica,2.0,1710,Entrega rápida y buen empaque.,2025-05-05,Ropa,5
711,-5.0,,,,-1.0,,,1711,ok,2025-08-31,,1
712,10.0,2395.04,441.97,63.0,51.0,móvil,10.0,1712,"El servicio fue regular, podría mejorar.",2025-04-20,Retail,6
713,20.0,8055.07,181.33,77.0,42.0,web,10.0,1713,No estoy satisfecho con la compra.,2025-07-12,Retail,6
714,26.0,7387.43,92.02,55.0,64.0,web,15.0,1714,"El servicio fue regular, podría mejorar.",2025-02-17,Electrónica,6
715,1.0,4738.52,35.69,38.0,47.0,tienda_fisica,11.0,1715,"Buen producto, la calidad es excelente y llegó rápido.",2025-12-18,Servicios,9
716,2.0,1693.95,168.69,13.0,5.0,tienda_fisica,10.0,1716,"El servicio fue regular, podría mejorar.",2025-02-12,Retail,6
717,26.0,1740.85,207.61,63.0,14.0,tienda_fisica,5.0,1717,No estoy satisfecho con la compra.,2025-10-31,Electrónica,6
718,,-100,-50.0,,200.0,123,,1718,producto,2025-03-22,,1
719,16.0,6084.51,350.74,5.0,51.0,tienda_fisica,14.0,1719,"El servicio fue regular, podría mejorar.",2025-06-23,Ropa,6
720,12.0,9519.46,167.07,84.0,52.0,tienda_fisica,7.0,1720,"Muy recomendable, volvería a comprar.",2025-05-01,Hogar,5
721,8.0,4639.8,357.55,5.0,11.0,móvil,1.0,1721,No estoy satisfecho con la compra.,2025-10-28,Retail,6
722,5.0,1535.8,55.25,99.0,43.0,web,12.0,1722,"Muy recomendable, volvería a comprar.",2025-06-13,Electrónica,5
723,14.0,1270.05,329.27,86.0,71.0,tienda_fisica,12.0,1723,El producto llegó defectuoso.,2025-10-28,Hogar,4
724,,-100,,-10.0,,WEB,-3.0,1724,,2025-01-26,???,0
725,999.0,,,400.0,,movil,,1725,,2025-03-10,???,0
726,30.0,7527.57,436.7,24.0,1.0,tienda_fisica,14.0,1726,Entrega rápida y buen empaque.,2025-03-26,Hogar,5
727,29.0,9884.27,91.12,114.0,18.0,móvil,4.0,1727,"Muy recomendable, volvería a comprar.",2025-09-20,Electrónica,5
728,14.0,432.57,24.43,47.0,44.0,móvil,13.0,1728,Excelente atención y variedad de productos.,2025-11-11,Servicios,6
729,25.0,8252.02,260.52,28.0,19.0,web,6.0,1729,"Muy recomendable, volvería a comprar.",2025-12-15,Electrónica,5
730,17.0,3937.37,273.79,76.0,26.0,tienda_fisica,7.0,1730,Relación calidad-precio aceptable.,2025-01-21,Ropa,3
731,18.0,9968.06,239.09,37.0,43.0,tienda_fisica,1.0,1731,Relación calidad-precio aceptable.,2025-07-28,Ropa,3
732,30.0,4662.25,444.5,74.0,30.0,web,15.0,1732,El producto llegó defectuoso.,2025-06-11,Hogar,4
733,10.0,8920.56,429.04,105.0,30.0,web,11.0,1733,Relación calidad-precio aceptable.,2025-10-24,Hogar,3
734,0.0,-100,-50.0,,-1.0,movil,,1734,producto,2025-01-02,,1
735,1.0,5042.43,477.25,102.0,40.0,web,13.0,1735,El producto llegó defectuoso.,2025-11-04,Retail,4
736,18.0,6629.82,158.03,15.0,31.0,móvil,15.0,1736,No estoy satisfecho con la compra.,2025-07-19,Ropa,6
737,1.0,6866.59,58.24,83.0,32.0,móvil,8.0,1737,No estoy satisfecho con la compra.,2025-01-11,Servicios,6
738,,,-50.0,,-1.0,movil,50.0,1738,ok,2025-03-25,,1
739,3.0,9829.0,439.15,110.0,1.0,móvil,4.0,1739,"El servicio fue regular, podría mejorar.",2025-02-03,Retail,6
740,25.0,4540.35,78.29,99.0,69.0,móvil,8.0,1740,"El servicio fue regular, podría mejorar.",2025-09-19,Servicios,6
741,,-100,,-10.0,,123,-3.0,1741,,2025-10-07,electronica,0
742,3.0,1664.81,184.21,67.0,69.0,tienda_fisica,4.0,1742,"El servicio fue regular, podría mejorar.",2025-09-03,Electrónica,6
743,11.0,8542.39,400.48,56.0,14.0,tienda_fisica,13.0,1743,"Buen producto, la calidad es excelente y llegó rápido.",2025-09-20,Retail,9
744,7.0,6229.7,252.04,76.0,9.0,móvil,12.0,1744,Excelente atención y variedad de productos.,2025-04-27,Servicios,6
745,13.0,3256.03,197.06,116.0,6.0,móvil,1.0,1745,"Muy recomendable, volvería a comprar.",2025-08-20,Ropa,5
746,,abc,,,200.0,123,-3.0,1746,,2025-06-11,electronica,0
747,20.0,5229.12,387.74,76.0,18.0,web,8.0,1747,"El servicio fue regular, podría mejorar.",2025-09-11,Servicios,6
748,20.0,8117.75,397.35,82.0,41.0,tienda_fisica,4.0,1748,"El servicio fue regular, podría mejorar.",2025-06-09,Retail,6
749,28.0,1110.41,470.74,86.0,18.0,móvil,12.0,1749,"Buen producto, la calidad es excelente y llegó rápido.",2025-05-13,Retail,9
750,28.0,4149.7,55.71,68.0,47.0,web,2.0,1750,Entrega rápida y buen empaque.,2025-09-13,Retail,5
751,-5.0,,,-10.0,200.0,movil,-3.0,1751,,2025-03-12,???,0
752,12.0,1178.07,487.83,99.0,43.0,tienda_fisica,6.0,1752,"El servicio fue regular, podría mejorar.",2025-03-05,Ropa,6
753,-5.0,,,400.0,200.0,WEB,-3.0,1753,,2025-12-31,,0
754,30.0,5546.05,162.82,115.0,52.0,tienda_fisica,13.0,1754,Relación calidad-precio aceptable.,2025-01-21,Ropa,3
755,,abc,-50.0,-10.0,-1.0,,-3.0,1755,ok,2025-10-29,,1
756,,,-50.0,,-1.0,,50.0,1756,12345,2025-10-15,,1
757,6.0,1892.04,460.72,90.0,14.0,web,11.0,1757,Entrega rápida y buen empaque.,2025-01-09,Electrónica,5
758,24.0,9575.05,434.64,66.0,31.0,tienda_fisica,7.0,1758,Excelente atención y variedad de productos.,2025-01-03,Servicios,6
759,16.0,5498.26,48.5,28.0,50.0,móvil,4.0,1759,No estoy satisfecho con la compra.,2025-09-28,Ropa,6
760,999.0,abc,,,-1.0,WEB,50.0,1760,producto,2025-03-05,???,1
761,1.0,9779.27,214.66,25.0,33.0,móvil,12.0,1761,"Muy recomendable, volvería a comprar.",2025-03-07,Ropa,5
762,22.0,2525.36,361.31,30.0,32.0,tienda_fisica,12.0,1762,"El servicio fue regular, podría mejorar.",2025-01-24,Ropa,6
763,7.0,2801.66,74.05,1.0,27.0,tienda_fisica,12.0,1763,Excelente atención y variedad de productos.,2025-02-26,Hogar,6
764,11.0,2103.02,89.3,93.0,16.0,web,14.0,1764,"El servicio fue regular, podría mejorar.",2025-07-08,Hogar,6
765,,,-50.0,400.0,-1.0,,-3.0,1765,producto,2025-07-19,???,1
766,16.0,9493.97,229.98,33.0,1.0,tienda_fisica,7.0,1766,"Muy recomendable, volvería a comprar.",2025-08-26,Servicios,5
767,,-100,,-10.0,,,-3.0,1767,producto,2025-05-26,???,1
768,-5.0,abc,,,,,50.0,1768,12345,2025-04-25,,1
769,13.0,2732.91,250.57,57.0,18.0,tienda_fisica,1.0,1769,"Muy recomendable, volvería a comprar.",2025-05-01,Retail,5
770,4.0,2713.37,198.0,33.0,13.0,móvil,5.0,1770,Excelente atención y variedad de productos.,2025-12-04,Servicios,6
771,3.0,5693.2,444.71,31.0,37.0,móvil,5.0,1771,"Buen producto, la calidad es excelente y llegó rápido.",2025-05-06,Hogar,9
772,21.0,4995.52,273.6,20.0,3.0,tienda_fisica,6.0,1772,Excelente atención y variedad de productos.,2025-12-20,Ropa,6
773,1.0,4836.14,109.94,94.0,40.0,móvil,12.0,1773,Entrega rápida y buen empaque.,2025-08-06,Ropa,5
774,,-100,,,200.0,movil,-3.0,1774,12345,2025-05-06,,1
775,0.0,abc,,,-1.0,movil,,1775,12345,2025-10-15,electronica,1
776,0.0,-100,,-10.0,-1.0,,,1776,producto,2025-07-31,,1
777,22.0,9898.26,283.31,92.0,18.0,tienda_fisica,4.0,1777,"El servicio fue regular, podría mejorar.",2025-04-20,Electrónica,6
778,-5.0,abc,,-10.0,,,50.0,1778,ok,2025-10-29,,1
779,30.0,2405.26,77.01,104.0,33.0,web,13.0,1779,Entrega rápida y buen empaque.,2025-11-03,Electrónica,5
780,16.0,6905.52,279.72,85.0,1.0,tienda_fisica,15.0,1780,"Buen producto, la calidad es excelente y llegó rápido.",2025-09-08,Servicios,9
781,4.0,932.67,299.78,119.0,36.0,web,1.0,1781,Entrega rápida y buen empaque.,2025-08-07,Hogar,5
782,1.0,7402.06,490.74,74.0,3.0,móvil,11.0,1782,Excelente atención y variedad de productos.,2025-05-21,Hogar,6
783,0.0,-100,-50.0,-10.0,-1.0,WEB,,1783,,2025-08-24,,0
784,0.0,-100,-50.0,400.0,200.0,,-3.0,1784,producto,2025-07-07,,1
785,23.0,679.52,452.56,61.0,49.0,móvil,1.0,1785,Excelente atención y variedad de productos.,2025-03-29,Hogar,6
786,4.0,894.03,95.62,10.0,20.0,tienda_fisica,7.0,1786,El producto llegó defectuoso.,2025-02-25,Servicios,4
787,23.0,5226.61,286.4,87.0,68.0,tienda_fisica,15.0,1787,Relación calidad-precio aceptable.,2025-10-30,Servicios,3
788,6.0,8296.32,305.25,85.0,28.0,tienda_fisica,8.0,1788,"Muy recomendable, volvería a comprar.",2025-08-06,Retail,5
789,,abc,-50.0,400.0,-1.0,,-3.0,1789,ok,2025-07-27,electronica,1
790,-5.0,abc,-50.0,-10.0,-1.0,123,50.0,1790,,2025-12-25,???,0
791,13.0,9097.86,298.72,95.0,18.0,web,1.0,1791,"Muy recomendable, volvería a comprar.",2025-09-23,Ropa,5
792,-5.0,abc,-50.0,-10.0,200.0,WEB,50.0,1792,,2025-02-12,,0
793,,,-50.0,-10.0,-1.0,123,,1793,ok,2025-09-09,,1
794,23.0,6380.68,268.62,80.0,57.0,web,2.0,1794,No estoy satisfecho con la compra.,2025-08-05,Servicios,6
795,15.0,1688.11,152.63,109.0,44.0,tienda_fisica,1.0,1795,Entrega rápida y buen empaque.,2025-01-17,Electrónica,5
796,3.0,3258.84,383.63,104.0,11.0,web,2.0,1796,"Buen producto, la calidad es excelente y llegó rápido.",2025-12-19,Electrónica,9
797,,-100,-50.0,400.0,-1.0,,,1797,producto,2025-06-10,???,1
798,25.0,2956.77,96.45,70.0,19.0,web,10.0,1798,Relación calidad-precio aceptable.,2025-12-09,Ropa,3
799,17.0,9107.02,56.77,23.0,37.0,móvil,9.0,1799,"Muy recomendable, volvería a comprar.",2025-11-15,Retail,5
800,2.0,5096.08,244.31,6.0,7.0,móvil,1.0,1800,"Muy recomendable, volvería a comprar.",2025-12-05,Hogar,5
801,,-100,,400.0,200.0,WEB,,1801,ok,2025-09-29,???,1
802,999.0,-100,,400.0,-1.0,,,1802,,2025-07-09,,0
803,26.0,5789.41,370.21,71.0,6.0,móvil,11.0,1803,Excelente atención y variedad de productos.,2025-08-29,Retail,6
804,999.0,abc,,-10.0,200.0,WEB,50.0,1804,12345,2025-09-27,,1
805,-5.0,-100,,,200.0,,-3.0,1805,ok,2025-10-12,,1
806,21.0,7346.19,481.83,83.0,23.0,tienda_fisica,9.0,1806,Relación calidad-precio aceptable.,2025-08-31,Electrónica,3
807,13.0,7195.9,110.09,83.0,9.0,web,7.0,1807,No estoy satisfecho con la compra.,2025-05-18,Ropa,6
808,,abc,-50.0,400.0,200.0,,50.0,1808,12345,2025-12-09,,1
809,6.0,256.06,442.13,97.0,17.0,móvil,6.0,1809,Relación calidad-precio aceptable.,2025-09-28,Hogar,3
810,3.0,4646.55,39.57,50.0,38.0,web,11.0,1810,Relación calidad-precio aceptable.,2025-07-19,Retail,3
811,0.0,,-50.0,400.0,200.0,movil,,1811,,2025-06-24,electronica,0
812,28.0,9118.76,31.17,11.0,61.0,web,7.0,1812,No estoy satisfecho con la compra.,2025-06-07,Retail,6
813,25.0,2297.37,72.3,31.0,72.0,móvil,12.0,1813,"Buen producto, la calidad es excelente y llegó rápido.",2025-09-14,Retail,9
814,15.0,6120.45,354.65,87.0,44.0,móvil,1.0,1814,Excelente atención y variedad de productos.,2025-05-29,Retail,6
815,7.0,9169.03,120.29,98.0,46.0,web,4.0,1815,No estoy satisfecho con la compra.,2025-09-27,Retail,6
816,0.0,-100,-50.0,-10.0,-1.0,movil,50.0,1816,12345,2025-11-04,,1
817,20.0,9757.12,135.73,12.0,26.0,móvil,8.0,1817,"Buen producto, la calidad es excelente y llegó rápido.",2025-04-21,Electrónica,9
818,999.0,-100,-50.0,-10.0,200.0,movil,50.0,1818,,2025-09-12,,0
819,15.0,9609.36,432.02,100.0,71.0,móvil,12.0,1819,"El servicio fue regular, podría mejorar.",2025-09-26,Hogar,6
820,27.0,314.36,409.13,76.0,14.0,web,6.0,1820,No estoy satisfecho con la compra.,2025-08-01,Servicios,6
821,999.0,,,400.0,200.0,WEB,,1821,,2025-05-16,,0
822,30.0,80.59,318.11,28.0,51.0,tienda_fisica,6.0,1822,El producto llegó defectuoso.,2025-11-09,Electrónica,4
823,10.0,6056.73,408.09,112.0,68.0,web,11.0,1823,"El servicio fue regular, podría mejorar.",2025-10-22,Electrónica,6
824,0.0,,,,-1.0,123,50.0,1824,,2025-03-13,electronica,0
825,27.0,7243.39,471.97,78.0,65.0,móvil,3.0,1825,Excelente atención y variedad de productos.,2025-02-07,Servicios,6
826,999.0,-100,-50.0,,-1.0,movil,50.0,1826,ok,2025-05-31,electronica,1
827,,abc,-50.0,,-1.0,123,,1827,,2025-07-22,???,0
828,4.0,7476.11,224.73,109.0,3.0,tienda_fisica,1.0,1828,"El servicio fue regular, podría mejorar.",2025-04-09,Electrónica,6
829,12.0,3936.37,444.58,12.0,4.0,web,7.0,1829,No estoy satisfecho con la compra.,2025-03-20,Ropa,6
830,4.0,9530.23,388.45,33.0,44.0,web,6.0,1830,No estoy satisfecho con la compra.,2025-01-27,Retail,6
831,14.0,5741.81,252.99,109.0,63.0,tienda_fisica,7.0,1831,Excelente atención y variedad de productos.,2025-10-15,Ropa,6
832,17.0,8322.35,159.39,6.0,15.0,web,4.0,1832,No estoy satisfecho con la compra.,2025-06-05,Ropa,6
833,25.0,1980.99,163.25,62.0,71.0,web,12.0,1833,"Muy recomendable, volvería a comprar.",2025-09-28,Ropa,5
834,,abc,-50.0,-10.0,-1.0,,50.0,1834,,2025-07-09,,0
835,17.0,3714.02,290.94,91.0,9.0,tienda_fisica,13.0,1835,"Buen producto, la calidad es excelente y llegó rápido.",2025-05-29,Electrónica,9
836,,abc,-50.0,,200.0,WEB,50.0,1836,12345,2025-10-21,,1
837,28.0,7816.16,162.28,71.0,59.0,tienda_fisica,2.0,1837,El producto llegó defectuoso.,2025-09-25,Hogar,4
838,999.0,abc,-50.0,-10.0,,123,50.0,1838,producto,2025-02-22,electronica,1
839,0.0,-100,-50.0,-10.0,-1.0,123,-3.0,1839,producto,2025-05-31,electronica,1
840,14.0,6241.07,31.02,72.0,61.0,móvil,3.0,1840,"Buen producto, la calidad es excelente y llegó rápido.",2025-07-23,Hogar,9
841,21.0,4447.79,379.65,40.0,72.0,móvil,12.0,1841,"Buen producto, la calidad es excelente y llegó rápido.",2025-04-27,Hogar,9
842,21.0,2477.42,476.03,18.0,72.0,web,13.0,1842,Entrega rápida y buen empaque.,2025-01-09,Retail,5
843,14.0,8878.46,76.55,19.0,56.0,móvil,6.0,1843,Entrega rápida y buen empaque.,2025-01-16,Electrónica,5
844,18.0,6781.71,228.39,35.0,12.0,web,13.0,1844,Entrega rápida y buen empaque.,2025-10-09,Hogar,5
845,21.0,774.4,418.02,2.0,72.0,móvil,8.0,1845,El producto llegó defectuoso.,2025-08-07,Retail,4
846,,abc,,-10.0,,WEB,-3.0,1846,producto,2025-05-17,,1
847,28.0,5114.86,320.5,6.0,4.0,web,14.0,1847,Relación calidad-precio aceptable.,2025-03-26,Servicios,3
848,22.0,8529.47,228.44,51.0,50.0,web,2.0,1848,"Buen producto, la calidad es excelente y llegó rápido.",2025-01-29,Electrónica,9
849,-5.0,abc,-50.0,400.0,,,-3.0,1849,,2025-01-25,,0
850,20.0,6500.44,58.45,81.0,10.0,móvil,14.0,1850,"Buen producto, la calidad es excelente y llegó rápido.",2025-06-14,Ropa,9
851,0.0,abc,,400.0,,,50.0,1851,producto,2025-03-15,,1
852,,-100,,,,movil,50.0,1852,ok,2025-05-25,,1
853,24.0,4062.03,434.25,86.0,17.0,web,10.0,1853,Excelente atención y variedad de productos.,2025-03-12,Hogar,6
854,999.0,,-50.0,-10.0,200.0,123,50.0,1854,12345,2025-11-05,,1
855,,-100,-50.0,-10.0,-1.0,movil,,1855,12345,2025-04-29,,1
856,0.0,-100,,,-1.0,WEB,,1856,ok,2025-10-06,electronica,1
857,28.0,9961.3,455.67,87.0,14.0,móvil,2.0,1857,No estoy satisfecho con la compra.,2025-11-05,Electrónica,6
858,999.0,-100,,-10.0,,,,1858,,2025-10-07,,0
859,7.0,2221.62,55.68,86.0,70.0,móvil,5.0,1859,"El servicio fue regular, podría mejorar.",2025-06-07,Hogar,6
860,,-100,-50.0,,,,50.0,1860,producto,2025-01-23,,1
861,10.0,9949.54,133.52,27.0,33.0,web,14.0,1861,Relación calidad-precio aceptable.,2025-02-22,Hogar,3
862,29.0,4658.89,399.65,86.0,66.0,tienda_fisica,3.0,1862,Excelente atención y variedad de productos.,2025-04-06,Electrónica,6
863,0.0,-100,-50.0,,200.0,WEB,,1863,12345,2025-03-29,,1
864,8.0,7590.89,435.96,30.0,70.0,móvil,4.0,1864,"Muy recomendable, volvería a comprar.",2025-02-28,Hogar,5
865,14.0,340.11,129.88,97.0,58.0,web,12.0,1865,Entrega rápida y buen empaque.,2025-01-12,Ropa,5
866,13.0,6823.42,497.34,59.0,62.0,tienda_fisica,12.0,1866,El producto llegó defectuoso.,2025-02-01,Ropa,4
867,17.0,7809.86,90.34,102.0,2.0,móvil,6.0,1867,El producto llegó defectuoso.,2025-01-02,Servicios,4
868,6.0,2277.89,187.67,87.0,21.0,web,2.0,1868,Excelente atención y variedad de productos.,2025-07-21,Electrónica,6
869,25.0,3383.76,494.66,120.0,14.0,tienda_fisica,11.0,1869,"Buen producto, la calidad es excelente y llegó rápido.",2025-05-16,Retail,9
870,3.0,9817.94,86.6,73.0,51.0,web,8.0,1870,Excelente atención y variedad de productos.,2025-11-01,Electrónica,6
871,8.0,4328.11,312.3,37.0,70.0,tienda_fisica,14.0,1871,Relación calidad-precio aceptable.,2025-01-09,Ropa,3
872,26.0,387.41,310.48,94.0,30.0,web,11.0,1872,Entrega rápida y buen empaque.,2025-10-05,Electrónica,5
873,17.0,9692.2,331.22,39.0,44.0,tienda_fisica,14.0,1873,Relación calidad-precio aceptable.,2025-11-09,Ropa,3
874,10.0,3500.45,320.51,65.0,59.0,tienda_fisica,13.0,1874,"El servicio fue regular, podría mejorar.",2025-01-19,Electrónica,6
875,30.0,1831.47,449.69,52.0,58.0,móvil,7.0,1875,Entrega rápida y buen empaque.,2025-09-02,Electrónica,5
876,999.0,,,-10.0,200.0,WEB,-3.0,1876,producto,2025-11-18,,1
877,13.0,5442.67,431.37,74.0,56.0,móvil,9.0,1877,"Muy recomendable, volvería a comprar.",2025-09-12,Hogar,5
878,17.0,5789.2,257.08,96.0,5.0,web,13.0,1878,Entrega rápida y buen empaque.,2025-11-26,Servicios,5
879,13.0,6453.32,347.52,102.0,31.0,tienda_fisica,6.0,1879,"Buen producto, la calidad es excelente y llegó rápido.",2025-01-27,Ropa,9
880,13.0,7290.5,179.3,59.0,5.0,web,1.0,1880,El producto llegó defectuoso.,2025-12-11,Retail,4
881,,,,-10.0,200.0,movil,,1881,ok,2025-08-24,,1
882,27.0,8161.5,161.2,82.0,32.0,web,11.0,1882,Entrega rápida y buen empaque.,2025-03-10,Servicios,5
883,26.0,3944.28,435.86,111.0,25.0,tienda_fisica,9.0,1883,Relación calidad-precio aceptable.,2025-10-21,Ropa,3
884,9.0,842.09,346.65,42.0,24.0,móvil,9.0,1884,Excelente atención y variedad de productos.,2025-06-22,Hogar,6
885,13.0,1718.41,296.21,52.0,29.0,móvil,14.0,1885,Entrega rápida y buen empaque.,2025-12-22,Servicios,5
886,0.0,abc,-50.0,400.0,200.0,123,,1886,,2025-07-09,electronica,0
887,13.0,9498.29,288.17,3.0,42.0,tienda_fisica,13.0,1887,Relación calidad-precio aceptable.,2025-09-07,Hogar,3
888,1.0,1981.89,321.5,16.0,66.0,móvil,14.0,1888,No estoy satisfecho con la compra.,2025-10-23,Retail,6
889,999.0,-100,-50.0,-10.0,200.0,,50.0,1889,producto,2025-06-20,???,1
890,27.0,3674.03,209.37,12.0,42.0,móvil,5.0,1890,"El servicio fue regular, podría mejorar.",2025-08-21,Electrónica,6
891,0.0,abc,-50.0,,200.0,movil,-3.0,1891,,2025-08-03,,0
892,26.0,4291.19,428.75,6.0,3.0,tienda_fisica,10.0,1892,No estoy satisfecho con la compra.,2025-05-17,Electrónica,6
893,25.0,7934.92,36.89,46.0,23.0,web,8.0,1893,Relación calidad-precio aceptable.,2025-07-16,Electrónica,3
894,18.0,648.42,371.6,17.0,62.0,web,1.0,1894,"Muy recomendable, volvería a comprar.",2025-05-20,Ropa,5
895,13.0,1669.76,85.69,43.0,72.0,web,13.0,1895,Entrega rápida y buen empaque.,2025-08-08,Ropa,5
896,26.0,7555.19,278.68,36.0,39.0,móvil,14.0,1896,El producto llegó defectuoso.,2025-03-27,Ropa,4
897,,abc,,,,movil,50.0,1897,ok,2025-11-11,electronica,1
898,-5.0,-100,,,-1.0,123,-3.0,1898,ok,2025-01-04,,1
899,12.0,6409.69,301.44,113.0,30.0,web,2.0,1899,Relación calidad-precio aceptable.,2025-05-02,Servicios,3
900,-5.0,-100,-50.0,,,,,1900,ok,2025-01-18,electronica,1
901,22.0,1048.68,165.57,109.0,67.0,tienda_fisica,9.0,1901,Excelente atención y variedad de productos.,2025-11-12,Hogar,6
902,5.0,5020.87,428.16,120.0,29.0,tienda_fisica,7.0,1902,"Muy recomendable, volvería a comprar.",2025-08-18,Ropa,5
903,5.0,7481.66,82.27,109.0,66.0,móvil,12.0,1903,El producto llegó defectuoso.,2025-12-27,Retail,4
904,-5.0,abc,-50.0,-10.0,200.0,movil,50.0,1904,,2025-02-24,electronica,0
905,7.0,6085.46,441.76,83.0,1.0,web,11.0,1905,Excelente atención y variedad de productos.,2025-06-06,Electrónica,6
906,29.0,944.02,137.48,34.0,63.0,web,3.0,1906,"Buen producto, la calidad es excelente y llegó rápido.",2025-04-15,Hogar,9
907,18.0,1692.34,246.4,67.0,12.0,móvil,11.0,1907,"Buen producto, la calidad es excelente y llegó rápido.",2025-08-22,Retail,9
908,999.0,,,400.0,,WEB,50.0,1908,12345,2025-11-18,electronica,1
909,-5.0,,-50.0,400.0,-1.0,WEB,50.0,1909,,2025-12-09,???,0
910,24.0,1067.39,45.49,112.0,24.0,móvil,12.0,1910,No estoy satisfecho con la compra.,2025-08-14,Ropa,6
911,3.0,4598.81,123.23,57.0,28.0,tienda_fisica,15.0,1911,Excelente atención y variedad de productos.,2025-10-17,Hogar,6
912,6.0,1766.81,296.79,73.0,28.0,web,12.0,1912,Entrega rápida y buen empaque.,2025-07-30,Electrónica,5
913,22.0,8545.98,56.17,39.0,31.0,web,9.0,1913,Entrega rápida y buen empaque.,2025-10-09,Hogar,5
914,0.0,abc,-50.0,,200.0,WEB,,1914,ok,2025-05-17,electronica,1
915,8.0,1657.54,208.68,32.0,3.0,móvil,10.0,1915,"Muy recomendable, volvería a comprar.",2025-06-20,Hogar,5
916,-5.0,-100,,400.0,200.0,movil,,1916,producto,2025-01-02,???,1
917,0.0,-100,,-10.0,200.0,WEB,50.0,1917,,2025-08-28,???,0
918,16.0,7093.79,412.4,18.0,72.0,móvil,15.0,1918,No estoy satisfecho con la compra.,2025-09-23,Electrónica,6
919,0.0,,,400.0,200.0,WEB,-3.0,1919,,2025-10-08,,0
920,999.0,abc,,400.0,200.0,,50.0,1920,ok,2025-10-19,,1
921,22.0,5167.63,108.63,82.0,69.0,tienda_fisica,7.0,1921,Entrega rápida y buen empaque.,2025-02-01,Servicios,5
922,9.0,9781.0,133.42,50.0,11.0,web,14.0,1922,"Buen producto, la calidad es excelente y llegó rápido.",2025-10-21,Servicios,9
923,15.0,710.76,420.89,21.0,27.0,tienda_fisica,14.0,1923,"El servicio fue regular, podría mejorar.",2025-10-20,Retail,6
924,21.0,5793.02,394.03,94.0,45.0,web,11.0,1924,Excelente atención y variedad de productos.,2025-01-13,Electrónica,6
925,0.0,-100,-50.0,-10.0,200.0,WEB,,1925,ok,2025-08-29,???,1
926,-5.0,-100,,-10.0,200.0,123,-3.0,1926,,2025-03-19,???,0
927,999.0,,-50.0,-10.0,-1.0,WEB,50.0,1927,12345,2025-12-11,,1
928,-5.0,-100,-50.0,-10.0,-1.0,,50.0,1928,12345,2025-01-17,???,1
929,30.0,2524.3,464.23,96.0,28.0,tienda_fisica,1.0,1929,"Muy recomendable, volvería a comprar.",2025-05-31,Retail,5
930,7.0,5384.68,336.96,59.0,39.0,móvil,13.0,1930,Entrega rápida y buen empaque.,2025-09-24,Hogar,5
931,-5.0,,-50.0,400.0,200.0,movil,,1931,,2025-11-17,,0
932,5.0,1543.77,157.62,17.0,3.0,móvil,14.0,1932,Entrega rápida y buen empaque.,2025-10-30,Electrónica,5
933,-5.0,abc,-50.0,-10.0,200.0,movil,50.0,1933,12345,2025-10-19,electronica,1
934,27.0,220.03,66.64,59.0,16.0,web,3.0,1934,"Muy recomendable, volvería a comprar.",2025-05-22,Ropa,5
935,,,,-10.0,-1.0,movil,-3.0,1935,producto,2025-05-13,electronica,1
936,5.0,9901.49,466.49,55.0,16.0,tienda_fisica,6.0,1936,"Buen producto, la calidad es excelente y llegó rápido.",2025-11-11,Servicios,9
937,-5.0,-100,-50.0,,200.0,WEB,50.0,1937,ok,2025-02-13,???,1
938,8.0,1343.38,432.81,68.0,14.0,tienda_fisica,6.0,1938,El producto llegó defectuoso.,2025-06-13,Electrónica,4
939,,-100,-50.0,-10.0,-1.0,WEB,-3.0,1939,,2025-11-12,,0
940,12.0,4260.73,397.68,80.0,9.0,móvil,6.0,1940,"Muy recomendable, volvería a comprar.",2025-08-15,Hogar,5
941,14.0,8442.88,473.97,33.0,62.0,móvil,14.0,1941,Relación calidad-precio aceptable.,2025-02-24,Retail,3
942,-5.0,-100,-50.0,400.0,-1.0,movil,-3.0,1942,12345,2025-09-21,???,1
943,0.0,-100,,,,WEB,-3.0,1943,12345,2025-09-08,,1
944,-5.0,abc,-50.0,400.0,200.0,123,,1944,producto,2025-08-18,,1
945,,abc,-50.0,,-1.0,123,-3.0,1945,,2025-09-18,,0
946,-5.0,,-50.0,,-1.0,,-3.0,1946,,2025-05-28,,0
947,10.0,2034.97,212.3,15.0,26.0,tienda_fisica,1.0,1947,"Muy recomendable, volvería a comprar.",2025-01-09,Retail,5
948,15.0,4287.79,226.15,33.0,64.0,web,1.0,1948,Entrega rápida y buen empaque.,2025-04-15,Retail,5
949,0.0,abc,,-10.0,,,,1949,,2025-08-12,electronica,0
950,12.0,5872.21,271.82,107.0,18.0,móvil,12.0,1950,"El servicio fue regular, podría mejorar.",2025-09-01,Servicios,6
951,999.0,,-50.0,,,,50.0,1951,12345,2025-10-29,electronica,1
952,999.0,abc,,400.0,,,-3.0,1952,,2025-05-10,,0
953,-5.0,abc,,400.0,-1.0,movil,,1953,producto,2025-05-08,,1
954,26.0,1762.6,142.65,78.0,65.0,tienda_fisica,1.0,1954,Entrega rápida y buen empaque.,2025-10-29,Electrónica,5
955,999.0,abc,-50.0,400.0,-1.0,123,-3.0,1955,12345,2025-08-26,???,1
956,13.0,6049.72,379.96,14.0,53.0,tienda_fisica,15.0,1956,El producto llegó defectuoso.,2025-07-15,Electrónica,4
957,10.0,9527.84,252.81,74.0,35.0,web,4.0,1957,"Muy recomendable, volvería a comprar.",2025-04-30,Servicios,5
958,7.0,7382.83,484.18,86.0,38.0,móvil,10.0,1958,Excelente atención y variedad de productos.,2025-10-19,Hogar,6
959,3.0,7129.29,457.31,22.0,56.0,tienda_fisica,14.0,1959,"Buen producto, la calidad es excelente y llegó rápido.",2025-12-05,Hogar,9
960,999.0,abc,-50.0,-10.0,-1.0,WEB,,1960,,2025-01-29,???,0
961,4.0,8503.71,452.93,70.0,11.0,tienda_fisica,4.0,1961,Relación calidad-precio aceptable.,2025-07-09,Electrónica,3
962,29.0,1508.73,73.74,57.0,3.0,tienda_fisica,12.0,1962,"Muy recomendable, volvería a comprar.",2025-10-03,Ropa,5
963,27.0,8212.47,53.89,70.0,52.0,tienda_fisica,15.0,1963,"Buen producto, la calidad es excelente y llegó rápido.",2025-05-14,Retail,9
964,999.0,,-50.0,400.0,,WEB,50.0,1964,,2025-07-11,,0
965,2.0,8128.11,144.56,6.0,54.0,web,8.0,1965,Excelente atención y variedad de productos.,2025-06-13,Ropa,6
966,13.0,5656.12,163.79,52.0,12.0,web,13.0,1966,No estoy satisfecho con la compra.,2025-11-28,Servicios,6
967,22.0,8180.56,149.8,22.0,55.0,web,9.0,1967,"Muy recomendable, volvería a comprar.",2025-09-16,Ropa,5
968,,-100,,-10.0,200.0,,-3.0,1968,,2025-05-13,???,0
969,4.0,3578.37,41.13,116.0,71.0,web,11.0,1969,El producto llegó defectuoso.,2025-05-08,Ropa,4
970,999.0,,-50.0,,200.0,movil,50.0,1970,ok,2025-12-10,,1
971,29.0,6067.23,222.38,82.0,37.0,web,14.0,1971,"Buen producto, la calidad es excelente y llegó rápido.",2025-11-09,Retail,9
972,30.0,6137.45,32.3,58.0,66.0,tienda_fisica,5.0,1972,Relación calidad-precio aceptable.,2025-03-19,Servicios,3
973,,-100,,-10.0,-1.0,,,1973,producto,2025-10-24,,1
974,18.0,5489.78,20.16,74.0,29.0,tienda_fisica,5.0,1974,Relación calidad-precio aceptable.,2025-10-01,Hogar,3
975,20.0,458.82,229.24,34.0,51.0,tienda_fisica,8.0,1975,No estoy satisfecho con la compra.,2025-03-19,Ropa,6
976,14.0,269.45,419.85,12.0,39.0,tienda_fisica,2.0,1976,"El servicio fue regular, podría mejorar.",2025-04-20,Hogar,6
977,12.0,6628.75,493.83,82.0,21.0,web,14.0,1977,No estoy satisfecho con la compra.,2025-04-15,Ropa,6
978,16.0,7211.16,449.33,44.0,24.0,web,4.0,1978,No estoy satisfecho con la compra.,2025-01-23,Servicios,6
979,13.0,3357.88,418.43,3.0,22.0,móvil,6.0,1979,"El servicio fue regular, podría mejorar.",2025-05-23,Ropa,6
980,4.0,6181.98,225.88,84.0,5.0,móvil,14.0,1980,Relación calidad-precio aceptable.,2025-04-09,Servicios,3
981,13.0,8459.02,245.62,95.0,62.0,móvil,15.0,1981,El producto llegó defectuoso.,2025-02-03,Electrónica,4
982,18.0,5433.37,455.63,1.0,52.0,web,8.0,1982,"Buen producto, la calidad es excelente y llegó rápido.",2025-10-10,Retail,9
983,,,-50.0,-10.0,,movil,50.0,1983,12345,2025-04-05,,1
984,18.0,4250.74,338.32,80.0,32.0,tienda_fisica,12.0,1984,Relación calidad-precio aceptable.,2025-10-25,Hogar,3
985,10.0,9306.58,202.96,40.0,12.0,tienda_fisica,6.0,1985,"Muy recomendable, volvería a comprar.",2025-06-24,Ropa,5
986,4.0,6156.29,366.74,87.0,24.0,móvil,1.0,1986,"El servicio fue regular, podría mejorar.",2025-12-18,Electrónica,6
987,29.0,6962.93,188.61,10.0,61.0,móvil,2.0,1987,El producto llegó defectuoso.,2025-08-05,Servicios,4
988,7.0,4241.43,139.31,91.0,17.0,web,2.0,1988,El producto llegó defectuoso.,2025-09-21,Servicios,4
989,13.0,4880.81,43.59,77.0,39.0,móvil,13.0,1989,"Buen producto, la calidad es excelente y llegó rápido.",2025-03-11,Retail,9
990,-5.0,,,,200.0,123,,1990,,2025-10-13,electronica,0
991,2.0,3302.4,229.19,21.0,2.0,móvil,14.0,1991,El producto llegó defectuoso.,2025-06-09,Hogar,4
992,,abc,-50.0,400.0,,movil,,1992,12345,2025-06-13,???,1
993,14.0,1352.02,431.38,48.0,34.0,web,13.0,1993,"Buen producto, la calidad es excelente y llegó rápido.",2025-07-27,Ropa,9
994,11.0,7020.95,46.01,51.0,43.0,web,10.0,1994,El producto llegó defectuoso.,2025-11-08,Servicios,4
995,0.0,-100,-50.0,-10.0,-1.0,,,1995,12345,2025-04-03,,1
996,23.0,6583.61,169.1,18.0,41.0,móvil,10.0,1996,"Muy recomendable, volvería a comprar.",2025-02-04,Hogar,5
997,9.0,7105.95,67.96,48.0,65.0,web,14.0,1997,Excelente atención y variedad de productos.,2025-05-09,Electrónica,6
998,1.0,7616.9,490.13,2.0,14.0,tienda_fisica,8.0,1998,"Buen producto, la calidad es excelente y llegó rápido.",2025-10-29,Hogar,9
999,18.0,1322.13,439.82,23.0,46.0,móvil,8.0,1999,"Muy recomendable, volvería a comprar.",2025-01-07,Hogar,5
1000,23.0,4115.06,146.3,22.0,55.0,móvil,2.0,2000,Excelente atención y variedad de productos.,2025-03-17,Hogar,6
1001,17.0,2549.72,373.0,114.0,62.0,web,6.0,2001,No estoy satisfecho con la compra.,2025-04-27,Electrónica,6
1002,28.0,7537.96,43.08,71.0,45.0,tienda_fisica,14.0,2002,El producto llegó defectuoso.,2025-11-22,Ropa,4
1003,0.0,-100,-50.0,400.0,,movil,,2003,ok,2025-07-05,,1
1004,22.0,9448.5,142.14,84.0,48.0,móvil,5.0,2004,"Buen producto, la calidad es excelente y llegó rápido.",2025-11-30,Electrónica,9
1005,28.0,8806.54,73.47,25.0,20.0,tienda_fisica,15.0,2005,No estoy satisfecho con la compra.,2026-01-01,Servicios,6
1006,22.0,9403.85,372.05,11.0,58.0,móvil,8.0,2006,"Muy recomendable, volvería a comprar.",2025-07-23,Ropa,5
1007,16.0,1738.72,111.98,107.0,72.0,web,9.0,2007,Excelente atención y variedad de productos.,2025-07-14,Retail,6
1008,23.0,175.53,280.59,103.0,9.0,web,10.0,2008,Entrega rápida y buen empaque.,2025-07-18,Hogar,5
1009,23.0,6371.65,35.94,78.0,30.0,web,6.0,2009,Entrega rápida y buen empaque.,2025-10-07,Retail,5
1010,11.0,8485.32,442.93,2.0,5.0,web,14.0,2010,No estoy satisfecho con la compra.,2025-12-25,Retail,6
1011,23.0,8732.24,231.46,65.0,37.0,tienda_fisica,9.0,2011,"El servicio fue regular, podría mejorar.",2025-02-04,Electrónica,6
1012,9.0,2581.21,341.61,47.0,34.0,móvil,5.0,2012,Relación calidad-precio aceptable.,2025-08-07,Servicios,3
1013,,abc,-50.0,,200.0,123,50.0,2013,producto,2025-04-22,,1
1014,21.0,6878.09,382.71,103.0,42.0,tienda_fisica,4.0,2014,"Buen producto, la calidad es excelente y llegó rápido.",2025-11-26,Electrónica,9
1015,17.0,5149.3,142.62,69.0,50.0,web,13.0,2015,"Muy recomendable, volvería a comprar.",2025-11-15,Ropa,5
1016,29.0,8872.91,351.49,8.0,40.0,móvil,6.0,2016,Excelente atención y variedad de productos.,2025-09-04,Ropa,6
1017,9.0,8405.47,346.89,33.0,49.0,web,4.0,2017,"El servicio fue regular, podría mejorar.",2025-01-19,Hogar,6
1018,23.0,2563.7,148.54,116.0,27.0,tienda_fisica,14.0,2018,El producto llegó defectuoso.,2025-10-13,Ropa,4
1019,17.0,2392.88,292.65,14.0,20.0,tienda_fisica,2.0,2019,Excelente atención y variedad de productos.,2025-11-27,Hogar,6
1020,30.0,8178.27,472.98,73.0,27.0,móvil,3.0,2020,El producto llegó defectuoso.,2025-09-22,Electrónica,4
1021,6.0,1499.77,41.5,15.0,2.0,web,3.0,2021,No estoy satisfecho con la compra.,2025-04-28,Ropa,6
1022,999.0,,,,-1.0,,-3.0,2022,,2025-01-16,,0
1023,23.0,3893.03,25.38,11.0,38.0,tienda_fisica,4.0,2023,"Muy recomendable, volvería a comprar.",2025-07-10,Ropa,5
1024,30.0,7258.83,450.92,38.0,41.0,web,11.0,2024,"Buen producto, la calidad es excelente y llegó rápido.",2025-05-05,Retail,9
1025,26.0,4851.75,222.15,97.0,71.0,web,11.0,2025,"Buen producto, la calidad es excelente y llegó rápido.",2025-03-12,Ropa,9
1026,,abc,-50.0,-10.0,-1.0,movil,-3.0,2026,producto,2025-01-09,???,1
1027,12.0,8182.83,153.89,43.0,49.0,móvil,8.0,2027,"Buen producto, la calidad es excelente y llegó rápido.",2025-02-08,Servicios,9
1028,999.0,,,-10.0,-1.0,,-3.0,2028,12345,2025-11-28,???,1
1029,23.0,948.45,423.55,29.0,37.0,móvil,1.0,2029,"El servicio fue regular, podría mejorar.",2025-08-17,Retail,6
1030,25.0,6205.21,40.14,79.0,2.0,web,6.0,2030,Relación calidad-precio aceptable.,2025-10-15,Hogar,3
1031,10.0,5561.91,201.4,93.0,52.0,móvil,3.0,2031,No estoy satisfecho con la compra.,2025-07-18,Hogar,6
1032,18.0,4362.82,286.6,115.0,16.0,web,8.0,2032,No estoy satisfecho con la compra.,2025-09-28,Ropa,6
1033,12.0,354.82,405.37,55.0,24.0,tienda_fisica,6.0,2033,"El servicio fue regular, podría mejorar.",2025-08-21,Hogar,6
1034,1.0,6947.47,133.64,3.0,12.0,tienda_fisica,3.0,2034,El producto llegó defectuoso.,2025-08-09,Hogar,4
1035,13.0,196.19,489.33,71.0,1.0,móvil,13.0,2035,Excelente atención y variedad de productos.,2025-10-20,Hogar,6
1036,12.0,3389.36,170.89,16.0,59.0,web,8.0,2036,"Muy recomendable, volvería a comprar.",2025-08-22,Electrónica,5
1037,,,-50.0,-10.0,-1.0,,50.0,2037,12345,2025-12-11,,1
1038,9.0,964.43,362.13,52.0,18.0,tienda_fisica,7.0,2038,Excelente atención y variedad de productos.,2025-05-17,Ropa,6
1039,-5.0,,-50.0,400.0,,WEB,50.0,2039,ok,2025-07-07,???,1
1040,,abc,,,,WEB,-3.0,2040,producto,2025-06-13,,1
1041,28.0,5800.88,80.64,112.0,47.0,tienda_fisica,8.0,2041,"Buen producto, la calidad es excelente y llegó rápido.",2025-01-01,Servicios,9
1042,21.0,4023.02,464.16,116.0,44.0,web,7.0,2042,"El servicio fue regular, podría mejorar.",2025-05-21,Electrónica,6
1043,27.0,1403.32,426.86,61.0,23.0,móvil,9.0,2043,No estoy satisfecho con la compra.,2025-03-25,Servicios,6
1044,1.0,631.19,253.03,84.0,67.0,tienda_fisica,3.0,2044,Relación calidad-precio aceptable.,2025-03-24,Retail,3
1045,3.0,1405.68,221.45,50.0,70.0,tienda_fisica,15.0,2045,No estoy satisfecho con la compra.,2025-07-11,Hogar,6
1046,-5.0,-100,-50.0,400.0,,,-3.0,2046,ok,2025-11-09,,1
1047,,-100,,-10.0,200.0,,-3.0,2047,,2025-07-05,,0
1048,0.0,-100,-50.0,-10.0,,,-3.0,2048,producto,2025-08-09,,1
1049,16.0,2601.44,356.32,84.0,12.0,tienda_fisica,15.0,2049,"Buen producto, la calidad es excelente y llegó rápido.",2025-09-16,Electrónica,9
1050,23.0,2965.7,409.15,19.0,67.0,móvil,8.0,2050,Entrega rápida y buen empaque.,2025-07-31,Ropa,5
1051,12.0,1358.48,143.4,61.0,15.0,tienda_fisica,7.0,2051,El producto llegó defectuoso.,2025-02-15,Servicios,4
1052,16.0,2061.74,169.21,69.0,11.0,tienda_fisica,4.0,2052,Excelente atención y variedad de productos.,2025-02-06,Ropa,6
1053,,abc,,-10.0,200.0,movil,-3.0,2053,,2025-02-05,,0
1054,15.0,2597.53,386.69,106.0,31.0,móvil,6.0,2054,Entrega rápida y buen empaque.,2025-03-19,Servicios,5
1055,18.0,4382.45,377.76,58.0,25.0,web,10.0,2055,Relación calidad-precio aceptable.,2025-10-08,Hogar,3
1056,0.0,abc,,-10.0,,movil,-3.0,2056,producto,2025-07-15,electronica,1
1057,30.0,1422.1,42.77,43.0,7.0,tienda_fisica,8.0,2057,El producto llegó defectuoso.,2025-08-16,Retail,4
1058,12.0,4517.41,181.07,11.0,47.0,tienda_fisica,7.0,2058,El producto llegó defectuoso.,2025-03-23,Electrónica,4
1059,-5.0,abc,,,-1.0,WEB,-3.0,2059,producto,2025-09-10,,1
1060,29.0,2374.03,476.5,13.0,60.0,móvil,13.0,2060,"El servicio fue regular, podría mejorar.",2025-09-17,Electrónica,6
1061,5.0,3318.91,161.57,57.0,50.0,web,1.0,2061,"Buen producto, la calidad es excelente y llegó rápido.",2025-12-18,Ropa,9
1062,23.0,6228.78,461.3,41.0,35.0,web,12.0,2062,El producto llegó defectuoso.,2025-02-12,Electrónica,4
1063,6.0,4405.49,170.6,102.0,46.0,web,14.0,2063,Excelente atención y variedad de productos.,2025-01-31,Electrónica,6
1064,,-100,,-10.0,200.0,,-3.0,2064,,2025-06-27,,0
1065,15.0,6355.48,316.46,5.0,57.0,tienda_fisica,5.0,2065,Relación calidad-precio aceptable.,2025-01-23,Ropa,3
1066,23.0,1953.07,81.98,77.0,71.0,móvil,1.0,2066,"Muy recomendable, volvería a comprar.",2025-07-01,Electrónica,5
1067,30.0,2344.47,380.48,9.0,7.0,tienda_fisica,1.0,2067,"Buen producto, la calidad es excelente y llegó rápido.",2025-07-21,Retail,9
1068,-5.0,-100,-50.0,-10.0,,123,,2068,ok,2025-03-06,,1
1069,17.0,6135.17,486.71,37.0,9.0,web,2.0,2069,"Buen producto, la calidad es excelente y llegó rápido.",2025-10-05,Hogar,9
1070,,abc,-50.0,400.0,,123,,2070,,2025-05-05,,0
1071,5.0,504.76,206.2,5.0,8.0,tienda_fisica,7.0,2071,Entrega rápida y buen empaque.,2025-09-07,Ropa,5
1072,13.0,5733.37,472.59,117.0,71.0,tienda_fisica,1.0,2072,"Buen producto, la calidad es excelente y llegó rápido.",2025-02-07,Electrónica,9
1073,9.0,488.68,353.82,31.0,62.0,tienda_fisica,9.0,2073,"Muy recomendable, volvería a comprar.",2025-05-17,Hogar,5
1074,19.0,8490.37,167.24,90.0,48.0,web,14.0,2074,No estoy satisfecho con la compra.,2025-04-26,Servicios,6
1075,999.0,-100,,,-1.0,,-3.0,2075,12345,2025-03-24,???,1
1076,7.0,9854.41,170.29,17.0,51.0,web,3.0,2076,"Muy recomendable, volvería a comprar.",2025-05-27,Electrónica,5
1077,-5.0,abc,-50.0,400.0,200.0,123,50.0,2077,,2025-03-18,electronica,0
1078,-5.0,-100,-50.0,400.0,-1.0,WEB,50.0,2078,ok,2025-01-21,electronica,1
1079,8.0,105.91,386.87,70.0,72.0,móvil,15.0,2079,Entrega rápida y buen empaque.,2025-07-31,Electrónica,5
1080,29.0,9033.39,62.43,51.0,57.0,web,4.0,2080,Excelente atención y variedad de productos.,2025-03-11,Electrónica,6
1081,30.0,9125.34,180.36,113.0,72.0,web,13.0,2081,Entrega rápida y buen empaque.,2025-10-06,Retail,5
1082,6.0,5954.52,304.93,55.0,40.0,tienda_fisica,3.0,2082,"El servicio fue regular, podría mejorar.",2025-07-22,Servicios,6
1083,-5.0,abc,-50.0,,,WEB,,2083,,2025-09-24,???,0
1084,-5.0,abc,-50.0,-10.0,,movil,-3.0,2084,12345,2025-02-16,???,1
1085,6.0,1931.0,356.2,22.0,13.0,web,11.0,2085,"Buen producto, la calidad es excelente y llegó rápido.",2025-11-08,Servicios,9
1086,30.0,9108.34,397.12,67.0,63.0,web,12.0,2086,Entrega rápida y buen empaque.,2025-01-03,Electrónica,5
1087,4.0,7739.39,261.5,28.0,69.0,tienda_fisica,6.0,2087,El producto llegó defectuoso.,2025-06-20,Electrónica,4
1088,19.0,7508.77,351.33,61.0,22.0,web,12.0,2088,Entrega rápida y buen empaque.,2025-12-20,Ropa,5
1089,,-100,,400.0,200.0,123,50.0,2089,,2025-04-21,,0
1090,999.0,-100,,,,,-3.0,2090,producto,2025-12-03,,1
1091,999.0,-100,-50.0,-10.0,-1.0,123,50.0,2091,,2025-04-20,,0
1092,5.0,6641.73,94.63,33.0,12.0,tienda_fisica,5.0,2092,No estoy satisfecho con la compra.,2025-05-23,Servicios,6
1093,30.0,7505.6,271.95,15.0,9.0,móvil,7.0,2093,Excelente atención y variedad de productos.,2025-07-04,Servicios,6
1094,22.0,1309.0,321.11,2.0,17.0,tienda_fisica,1.0,2094,"Buen producto, la calidad es excelente y llegó rápido.",2025-11-21,Servicios,9
1095,0.0,-100,-50.0,400.0,,,,2095,,2025-07-03,electronica,0
1096,12.0,7192.63,39.89,100.0,17.0,web,9.0,2096,No estoy satisfecho con la compra.,2025-02-17,Electrónica,6
1097,13.0,2010.56,347.45,106.0,8.0,web,6.0,2097,Relación calidad-precio aceptable.,2025-11-01,Hogar,3
1098,,,-50.0,400.0,200.0,,-3.0,2098,12345,2025-03-09,???,1
1099,20.0,942.11,347.67,105.0,10.0,tienda_fisica,8.0,2099,Excelente atención y variedad de productos.,2025-06-02,Electrónica,6
1100,19.0,7503.29,274.83,16.0,4.0,tienda_fisica,5.0,2100,Excelente atención y variedad de productos.,2025-05-07,Electrónica,6
1101,3.0,6219.88,208.1,20.0,11.0,tienda_fisica,13.0,2101,Relación calidad-precio aceptable.,2025-04-14,Ropa,3
1102,17.0,605.98,214.81,114.0,48.0,móvil,14.0,2102,"Buen producto, la calidad es excelente y llegó rápido.",2025-08-02,Hogar,9
1103,13.0,2376.99,209.12,20.0,11.0,móvil,10.0,2103,"Buen producto, la calidad es excelente y llegó rápido.",2025-09-20,Hogar,9
1104,10.0,5833.07,393.83,101.0,33.0,móvil,5.0,2104,"Buen producto, la calidad es excelente y llegó rápido.",2025-12-02,Retail,9
1105,,abc,-50.0,400.0,-1.0,,50.0,2105,,2025-08-02,???,0
1106,999.0,-100,-50.0,-10.0,,movil,-3.0,2106,,2025-08-11,???,0
1107,5.0,2594.48,397.2,86.0,18.0,web,15.0,2107,Relación calidad-precio aceptable.,2025-06-25,Electrónica,3
1108,22.0,1555.49,346.01,109.0,66.0,tienda_fisica,11.0,2108,Relación calidad-precio aceptable.,2025-01-21,Retail,3
1109,24.0,6246.61,215.63,82.0,31.0,móvil,12.0,2109,"El servicio fue regular, podría mejorar.",2025-06-09,Ropa,6
1110,9.0,2245.0,288.66,104.0,31.0,tienda_fisica,15.0,2110,El producto llegó defectuoso.,2025-03-10,Electrónica,4
1111,29.0,3688.05,47.65,69.0,31.0,móvil,4.0,2111,Excelente atención y variedad de productos.,2025-05-06,Hogar,6
1112,-5.0,-100,,400.0,200.0,WEB,,2112,,2025-07-27,,0
1113,999.0,abc,,,,movil,,2113,12345,2025-07-25,electronica,1
1114,7.0,3636.9,135.17,48.0,61.0,tienda_fisica,14.0,2114,Entrega rápida y buen empaque.,2025-05-19,Retail,5
1115,26.0,682.64,120.14,36.0,17.0,tienda_fisica,2.0,2115,El producto llegó defectuoso.,2025-04-01,Ropa,4
1116,-5.0,abc,,400.0,,movil,50.0,2116,producto,2025-02-14,,1
1117,11.0,7875.95,198.18,49.0,51.0,web,5.0,2117,Excelente atención y variedad de productos.,2025-08-17,Hogar,6
1118,,-100,-50.0,,200.0,WEB,50.0,2118,12345,2025-03-02,,1
1119,-5.0,abc,,400.0,200.0,,50.0,2119,ok,2025-04-11,,1
1120,,,,-10.0,200.0,WEB,-3.0,2120,,2025-08-20,???,0
1121,4.0,9612.45,346.72,3.0,4.0,web,9.0,2121,No estoy satisfecho con la compra.,2025-11-27,Hogar,6
1122,30.0,1711.77,467.32,11.0,48.0,web,12.0,2122,Entrega rápida y buen empaque.,2025-10-09,Hogar,5
1123,6.0,2130.7,411.51,85.0,36.0,tienda_fisica,12.0,2123,Entrega rápida y buen empaque.,2025-04-01,Retail,5
1124,9.0,8449.21,332.23,87.0,64.0,tienda_fisica,1.0,2124,Relación calidad-precio aceptable.,2025-02-27,Hogar,3
1125,23.0,5313.92,402.38,113.0,19.0,tienda_fisica,4.0,2125,"Buen producto, la calidad es excelente y llegó rápido.",2025-08-16,Servicios,9
1126,13.0,6835.59,215.23,25.0,60.0,web,1.0,2126,El producto llegó defectuoso.,2025-02-27,Ropa,4
1127,0.0,,-50.0,-10.0,,,,2127,ok,2025-11-29,,1
1128,30.0,1562.23,431.04,23.0,17.0,web,2.0,2128,"Buen producto, la calidad es excelente y llegó rápido.",2025-06-08,Electrónica,9
1129,999.0,-100,,-10.0,200.0,,50.0,2129,,2025-03-05,,0
1130,16.0,9934.87,456.05,26.0,16.0,web,4.0,2130,"El servicio fue regular, podría mejorar.",2025-07-13,Hogar,6
1131,6.0,9069.52,32.86,83.0,24.0,móvil,10.0,2131,El producto llegó defectuoso.,2025-11-20,Servicios,4
1132,24.0,3766.61,315.38,106.0,28.0,web,15.0,2132,Excelente atención y variedad de productos.,2025-05-01,Retail,6
1133,0.0,abc,-50.0,-10.0,,WEB,,2133,,2025-08-31,???,0
1134,5.0,2305.04,224.87,65.0,45.0,web,1.0,2134,No estoy satisfecho con la compra.,2025-08-29,Retail,6
1135,2.0,5138.93,206.76,64.0,16.0,web,13.0,2135,"Muy recomendable, volvería a comprar.",2025-09-16,Ropa,5
1136,4.0,190.89,79.85,51.0,13.0,web,6.0,2136,"Buen producto, la calidad es excelente y llegó rápido.",2025-11-27,Hogar,9
1137,23.0,941.92,432.33,86.0,56.0,tienda_fisica,15.0,2137,Excelente atención y variedad de productos.,2025-12-29,Servicios,6
1138,16.0,2043.03,232.46,34.0,17.0,tienda_fisica,3.0,2138,El producto llegó defectuoso.,2025-04-18,Retail,4
1139,6.0,9200.44,264.01,82.0,14.0,web,13.0,2139,Excelente atención y variedad de productos.,2025-11-08,Servicios,6
1140,0.0,abc,-50.0,-10.0,200.0,WEB,,2140,producto,2025-07-27,electronica,1
1141,,abc,-50.0,,-1.0,WEB,50.0,2141,,2025-09-03,electronica,0
1142,18.0,601.45,210.47,102.0,63.0,web,5.0,2142,"El servicio fue regular, podría mejorar.",2025-02-23,Electrónica,6
1143,8.0,8574.88,475.89,99.0,16.0,web,11.0,2143,Entrega rápida y buen empaque.,2025-10-15,Hogar,5
1144,999.0,-100,,400.0,-1.0,,50.0,2144,,2025-05-27,,0
1145,22.0,3685.48,50.36,94.0,36.0,web,13.0,2145,"Muy recomendable, volvería a comprar.",2025-09-01,Ropa,5
1146,-5.0,-100,-50.0,,-1.0,movil,,2146,producto,2025-05-18,electronica,1
1147,999.0,,-50.0,400.0,200.0,123,-3.0,2147,ok,2025-10-23,electronica,1
1148,15.0,5493.86,191.72,24.0,8.0,tienda_fisica,8.0,2148,Entrega rápida y buen empaque.,2025-01-01,Servicios,5
1149,14.0,9765.12,340.0,10.0,64.0,web,2.0,2149,Excelente atención y variedad de productos.,2025-03-11,Retail,6
1150,3.0,9410.97,294.36,97.0,56.0,web,15.0,2150,Relación calidad-precio aceptable.,2025-11-14,Servicios,3
1151,13.0,411.54,478.35,61.0,28.0,tienda_fisica,2.0,2151,"Muy recomendable, volvería a comprar.",2025-03-26,Ropa,5
1152,26.0,6039.32,389.84,17.0,57.0,móvil,11.0,2152,"El servicio fue regular, podría mejorar.",2025-07-19,Servicios,6
1153,23.0,5788.92,274.6,80.0,61.0,web,11.0,2153,Entrega rápida y buen empaque.,2025-10-06,Hogar,5
1154,7.0,1197.12,64.01,99.0,49.0,web,6.0,2154,Relación calidad-precio aceptable.,2025-06-08,Servicios,3
1155,0.0,-100,-50.0,-10.0,-1.0,123,-3.0,2155,,2025-10-28,electronica,0
1156,999.0,,,400.0,200.0,,,2156,12345,2025-05-26,electronica,1
1157,5.0,4237.61,289.41,51.0,40.0,tienda_fisica,5.0,2157,"Buen producto, la calidad es excelente y llegó rápido.",2025-10-06,Electrónica,9
1158,10.0,5745.34,304.68,119.0,40.0,móvil,15.0,2158,El producto llegó defectuoso.,2025-02-15,Hogar,4
1159,14.0,6921.73,36.21,110.0,43.0,web,1.0,2159,Entrega rápida y buen empaque.,2025-01-12,Hogar,5
1160,16.0,2031.84,302.65,50.0,35.0,móvil,10.0,2160,No estoy satisfecho con la compra.,2025-08-07,Retail,6
1161,4.0,8833.18,291.41,46.0,18.0,móvil,10.0,2161,"El servicio fue regular, podría mejorar.",2025-12-23,Hogar,6
1162,23.0,3741.07,243.66,2.0,23.0,móvil,6.0,2162,"Buen producto, la calidad es excelente y llegó rápido.",2025-06-29,Servicios,9
1163,999.0,abc,-50.0,,,123,-3.0,2163,12345,2025-02-10,,1
1164,20.0,3965.04,462.85,53.0,56.0,tienda_fisica,4.0,2164,Entrega rápida y buen empaque.,2025-06-02,Retail,5
1165,10.0,7104.91,397.07,102.0,40.0,móvil,10.0,2165,No estoy satisfecho con la compra.,2025-03-04,Retail,6
1166,25.0,6094.24,420.22,110.0,34.0,tienda_fisica,5.0,2166,No estoy satisfecho con la compra.,2025-10-24,Ropa,6
1167,29.0,4128.68,28.24,98.0,72.0,web,3.0,2167,Relación calidad-precio aceptable.,2025-03-16,Ropa,3
1168,999.0,-100,,400.0,-1.0,123,50.0,2168,producto,2025-12-09,electronica,1
1169,4.0,2529.31,69.73,2.0,58.0,tienda_fisica,3.0,2169,Relación calidad-precio aceptable.,2025-02-01,Ropa,3
1170,16.0,3301.89,451.63,67.0,45.0,web,4.0,2170,"Buen producto, la calidad es excelente y llegó rápido.",2025-05-27,Hogar,9
1171,16.0,8013.51,83.32,100.0,17.0,móvil,1.0,2171,Entrega rápida y buen empaque.,2025-05-06,Retail,5
1172,999.0,,,-10.0,-1.0,movil,50.0,2172,producto,2025-11-09,electronica,1
1173,,-100,-50.0,-10.0,-1.0,,50.0,2173,,2025-08-25,,0
1174,999.0,-100,,400.0,,,50.0,2174,producto,2025-12-13,electronica,1
1175,26.0,834.87,295.36,28.0,9.0,web,5.0,2175,El producto llegó defectuoso.,2025-12-28,Ropa,4
1176,23.0,3306.2,206.19,11.0,10.0,móvil,4.0,2176,Relación calidad-precio aceptable.,2025-10-05,Servicios,3
1177,29.0,1876.49,417.83,21.0,18.0,web,1.0,2177,Relación calidad-precio aceptable.,2025-05-08,Servicios,3
1178,,,-50.0,400.0,-1.0,,-3.0,2178,,2025-06-04,electronica,0
1179,999.0,abc,-50.0,-10.0,200.0,,50.0,2179,producto,2025-06-10,???,1
1180,13.0,7544.97,480.45,20.0,12.0,web,11.0,2180,Relación calidad-precio aceptable.,2025-12-06,Ropa,3
1181,15.0,2671.78,496.9,39.0,27.0,móvil,14.0,2181,"El servicio fue regular, podría mejorar.",2025-06-13,Retail,6
1182,0.0,-100,,,,WEB,,2182,,2025-04-03,electronica,0
1183,7.0,1378.09,497.13,80.0,30.0,móvil,1.0,2183,No estoy satisfecho con la compra.,2025-03-11,Servicios,6
1184,-5.0,-100,-50.0,-10.0,-1.0,movil,-3.0,2184,producto,2025-04-23,???,1
1185,-5.0,abc,-50.0,400.0,,,,2185,12345,2025-07-06,???,1
1186,5.0,7770.26,312.64,45.0,41.0,web,4.0,2186,El producto llegó defectuoso.,2025-01-30,Hogar,4
1187,-5.0,-100,-50.0,400.0,200.0,movil,50.0,2187,,2025-05-13,,0
1188,7.0,2744.99,460.59,102.0,17.0,web,1.0,2188,"Buen producto, la calidad es excelente y llegó rápido.",2025-03-07,Servicios,9
1189,3.0,4569.48,98.26,21.0,17.0,móvil,5.0,2189,"Buen producto, la calidad es excelente y llegó rápido.",2025-01-27,Electrónica,9
1190,30.0,8321.69,337.07,70.0,60.0,web,12.0,2190,El producto llegó defectuoso.,2025-02-22,Hogar,4
1191,27.0,2641.48,70.82,101.0,24.0,móvil,15.0,2191,Entrega rápida y buen empaque.,2025-05-16,Hogar,5
1192,999.0,-100,,400.0,-1.0,movil,,2192,producto,2025-09-16,,1
1193,11.0,6008.03,405.28,75.0,44.0,web,7.0,2193,Excelente atención y variedad de productos.,2025-07-21,Servicios,6
1194,8.0,4880.4,321.06,58.0,10.0,móvil,13.0,2194,Excelente atención y variedad de productos.,2025-04-06,Retail,6
1195,-5.0,abc,,400.0,-1.0,,-3.0,2195,,2025-12-23,,0
1196,-5.0,abc,-50.0,,-1.0,123,,2196,producto,2025-05-30,???,1
1197,12.0,1080.51,486.38,80.0,33.0,tienda_fisica,12.0,2197,Excelente atención y variedad de productos.,2025-07-01,Servicios,6
1198,-5.0,-100,-50.0,-10.0,,movil,,2198,12345,2025-05-11,,1
1199,0.0,-100,,,-1.0,123,-3.0,2199,,2025-02-27,???,0
1200,19.0,8796.75,203.6,25.0,25.0,móvil,12.0,2200,Relación calidad-precio aceptable.,2025-01-01,Retail,3
1201,10.0,3055.32,441.06,107.0,3.0,web,5.0,2201,Relación calidad-precio aceptable.,2025-09-15,Servicios,3
1202,1.0,2746.07,29.99,22.0,2.0,móvil,14.0,2202,Entrega rápida y buen empaque.,2025-07-11,Ropa,5
1203,3.0,6140.17,439.98,25.0,58.0,móvil,8.0,2203,Entrega rápida y buen empaque.,2025-05-12,Ropa,5
1204,21.0,6596.43,96.78,113.0,41.0,web,7.0,2204,El producto llegó defectuoso.,2025-04-30,Hogar,4
1205,,-100,-50.0,,200.0,,-3.0,2205,12345,2025-01-09,???,1
1206,5.0,8104.74,84.23,84.0,48.0,móvil,10.0,2206,"El servicio fue regular, podría mejorar.",2025-03-22,Retail,6
1207,,,-50.0,-10.0,-1.0,movil,50.0,2207,,2025-06-12,,0
1208,999.0,-100,,400.0,200.0,123,-3.0,2208,,2025-11-27,???,0
1209,2.0,4343.07,56.48,85.0,34.0,tienda_fisica,10.0,2209,Excelente atención y variedad de productos.,2025-09-21,Retail,6
1210,0.0,-100,-50.0,-10.0,200.0,123,50.0,2210,,2025-01-21,electronica,0
1211,-5.0,abc,-50.0,-10.0,-1.0,123,-3.0,2211,,2025-03-30,,0
1212,23.0,3756.27,93.75,56.0,70.0,móvil,7.0,2212,"El servicio fue regular, podría mejorar.",2025-10-02,Retail,6
1213,4.0,7647.58,72.67,42.0,34.0,móvil,9.0,2213,"Buen producto, la calidad es excelente y llegó rápido.",2025-10-03,Retail,9
1214,-5.0,-100,,-10.0,200.0,movil,50.0,2214,,2025-09-12,electronica,0
1215,27.0,3171.1,177.1,95.0,50.0,tienda_fisica,11.0,2215,No estoy satisfecho con la compra.,2025-07-25,Hogar,6
1216,999.0,abc,-50.0,-10.0,,,50.0,2216,,2025-04-03,electronica,0
1217,0.0,-100,-50.0,-10.0,-1.0,WEB,,2217,,2025-12-20,???,0
1218,,abc,-50.0,-10.0,,movil,50.0,2218,producto,2025-09-06,,1
1219,16.0,8633.87,234.33,106.0,53.0,tienda_fisica,10.0,2219,"El servicio fue regular, podría mejorar.",2025-11-09,Electrónica,6
1220,21.0,1650.79,355.19,15.0,71.0,tienda_fisica,1.0,2220,"El servicio fue regular, podría mejorar.",2025-01-30,Retail,6
1221,-5.0,abc,-50.0,400.0,-1.0,,-3.0,2221,12345,2025-01-03,???,1
1222,,-100,,-10.0,-1.0,WEB,-3.0,2222,producto,2025-06-14,,1
1223,8.0,8868.64,451.59,71.0,1.0,móvil,15.0,2223,Relación calidad-precio aceptable.,2025-07-01,Servicios,3
1224,22.0,7794.62,388.31,8.0,8.0,web,8.0,2224,Excelente atención y variedad de productos.,2025-07-23,Hogar,6
1225,25.0,4389.67,137.15,30.0,23.0,móvil,14.0,2225,"Muy recomendable, volvería a comprar.",2025-10-12,Servicios,5
1226,22.0,7906.56,480.67,28.0,62.0,web,7.0,2226,El producto llegó defectuoso.,2025-02-12,Ropa,4
1227,6.0,4006.61,70.28,56.0,71.0,tienda_fisica,5.0,2227,El producto llegó defectuoso.,2025-02-25,Electrónica,4
1228,0.0,-100,-50.0,400.0,200.0,,-3.0,2228,,2025-02-20,,0
1229,29.0,1909.01,373.84,94.0,9.0,tienda_fisica,9.0,2229,Entrega rápida y buen empaque.,2025-09-02,Servicios,5
1230,999.0,,-50.0,400.0,-1.0,,,2230,12345,2025-11-19,???,1
1231,21.0,8993.6,278.35,13.0,35.0,tienda_fisica,4.0,2231,"Buen producto, la calidad es excelente y llegó rápido.",2025-02-08,Servicios,9
1232,14.0,1211.95,460.75,89.0,15.0,móvil,6.0,2232,"Muy recomendable, volvería a comprar.",2025-10-31,Ropa,5
1233,12.0,6624.37,105.53,87.0,3.0,tienda_fisica,12.0,2233,Relación calidad-precio aceptable.,2025-03-19,Servicios,3
1234,18.0,3875.5,101.99,112.0,46.0,móvil,10.0,2234,El producto llegó defectuoso.,2025-02-18,Retail,4
1235,0.0,,,-10.0,200.0,,,2235,ok,2025-12-10,,1
1236,24.0,3013.72,85.52,111.0,3.0,tienda_fisica,8.0,2236,"Muy recomendable, volvería a comprar.",2025-05-18,Electrónica,5
1237,14.0,5923.14,498.57,9.0,57.0,web,10.0,2237,El producto llegó defectuoso.,2025-11-13,Ropa,4
1238,18.0,7829.38,239.5,88.0,64.0,web,5.0,2238,"Buen producto, la calidad es excelente y llegó rápido.",2025-10-14,Ropa,9
1239,13.0,2794.21,477.73,25.0,65.0,tienda_fisica,14.0,2239,Relación calidad-precio aceptable.,2025-06-04,Ropa,3
1240,999.0,abc,,-10.0,,,50.0,2240,ok,2025-10-25,,1
1241,10.0,7775.24,276.18,34.0,38.0,tienda_fisica,6.0,2241,El producto llegó defectuoso.,2025-01-06,Electrónica,4
1242,29.0,148.63,483.13,16.0,5.0,web,3.0,2242,El producto llegó defectuoso.,2025-07-24,Ropa,4
1243,999.0,,-50.0,-10.0,200.0,,-3.0,2243,12345,2025-05-19,,1
1244,25.0,2253.32,287.02,70.0,72.0,móvil,4.0,2244,"El servicio fue regular, podría mejorar.",2025-12-07,Retail,6
1245,22.0,8157.29,284.51,80.0,61.0,móvil,5.0,2245,Relación calidad-precio aceptable.,2025-02-24,Hogar,3
1246,5.0,9258.27,234.6,48.0,2.0,móvil,1.0,2246,"Buen producto, la calidad es excelente y llegó rápido.",2025-01-01,Servicios,9
1247,-5.0,abc,,400.0,-1.0,movil,-3.0,2247,12345,2025-07-03,???,1
1248,25.0,5675.07,416.22,70.0,38.0,web,7.0,2248,Relación calidad-precio aceptable.,2025-08-18,Ropa,3
1249,21.0,1227.24,246.61,54.0,5.0,tienda_fisica,1.0,2249,"Buen producto, la calidad es excelente y llegó rápido.",2025-02-27,Hogar,9
1250,29.0,6894.92,42.85,35.0,38.0,web,5.0,2250,Entrega rápida y buen empaque.,2025-05-10,Hogar,5
1251,999.0,,,,200.0,123,,2251,12345,2025-07-11,,1
1252,0.0,-100,,,200.0,,50.0,2252,,2025-08-12,???,0
1253,25.0,1823.69,470.69,24.0,16.0,web,10.0,2253,El producto llegó defectuoso.,2025-01-05,Retail,4
1254,-5.0,,,,,WEB,,2254,12345,2025-06-05,electronica,1
1255,20.0,2267.23,229.8,22.0,13.0,tienda_fisica,14.0,2255,Entrega rápida y buen empaque.,2025-04-29,Retail,5
1256,27.0,864.26,85.85,43.0,45.0,móvil,4.0,2256,"Muy recomendable, volvería a comprar.",2025-02-22,Electrónica,5
1257,0.0,,-50.0,400.0,-1.0,123,-3.0,2257,,2025-02-04,,0
1258,21.0,9700.61,257.43,55.0,35.0,móvil,9.0,2258,Excelente atención y variedad de productos.,2025-11-25,Servicios,6
1259,18.0,3243.8,344.05,71.0,42.0,web,3.0,2259,Entrega rápida y buen empaque.,2025-04-03,Ropa,5
1260,5.0,7142.39,170.06,52.0,15.0,móvil,9.0,2260,Entrega rápida y buen empaque.,2025-06-17,Servicios,5
1261,3.0,594.65,459.79,68.0,7.0,tienda_fisica,6.0,2261,"Muy recomendable, volvería a comprar.",2025-06-07,Electrónica,5
1262,10.0,2728.99,130.55,47.0,28.0,móvil,6.0,2262,"Muy recomendable, volvería a comprar.",2025-03-14,Hogar,5
1263,999.0,-100,,400.0,,123,50.0,2263,,2025-10-20,electronica,0
1264,2.0,3367.03,254.4,69.0,4.0,móvil,4.0,2264,No estoy satisfecho con la compra.,2025-04-10,Retail,6
1265,-5.0,abc,-50.0,-10.0,200.0,WEB,50.0,2265,,2025-11-04,???,0
1266,17.0,5372.73,104.04,117.0,72.0,móvil,2.0,2266,"Muy recomendable, volvería a comprar.",2025-06-30,Electrónica,5
1267,7.0,145.94,417.06,56.0,24.0,móvil,6.0,2267,"Muy recomendable, volvería a comprar.",2025-12-17,Ropa,5
1268,,,,400.0,-1.0,WEB,,2268,12345,2025-04-26,,1
1269,17.0,5667.02,71.54,55.0,62.0,tienda_fisica,4.0,2269,"El servicio fue regular, podría mejorar.",2025-05-30,Electrónica,6
1270,999.0,,,-10.0,200.0,,,2270,,2025-10-29,???,0
1271,27.0,3990.74,302.08,74.0,33.0,móvil,15.0,2271,No estoy satisfecho con la compra.,2025-07-12,Servicios,6
1272,2.0,6115.43,296.06,102.0,4.0,móvil,12.0,2272,Entrega rápida y buen empaque.,2025-01-19,Retail,5
1273,0.0,abc,-50.0,400.0,-1.0,123,50.0,2273,12345,2025-12-29,electronica,1
1274,999.0,abc,,,-1.0,,50.0,2274,producto,2025-05-31,,1
1275,20.0,7523.27,452.45,86.0,59.0,tienda_fisica,10.0,2275,Relación calidad-precio aceptable.,2025-07-09,Ropa,3
1276,11.0,6369.34,294.09,97.0,67.0,tienda_fisica,3.0,2276,"Muy recomendable, volvería a comprar.",2025-09-23,Retail,5
1277,5.0,761.0,377.69,60.0,69.0,tienda_fisica,10.0,2277,Excelente atención y variedad de productos.,2025-12-05,Electrónica,6
1278,10.0,5311.72,110.02,78.0,58.0,tienda_fisica,15.0,2278,Excelente atención y variedad de productos.,2025-02-11,Electrónica,6
1279,30.0,9656.59,464.21,104.0,13.0,móvil,13.0,2279,Relación calidad-precio aceptable.,2025-05-17,Ropa,3
1280,25.0,8744.79,271.07,51.0,67.0,web,2.0,2280,"Muy recomendable, volvería a comprar.",2025-02-12,Hogar,5
1281,,,-50.0,-10.0,200.0,WEB,-3.0,2281,,2025-11-09,,0
1282,9.0,9455.34,181.55,2.0,3.0,móvil,12.0,2282,"El servicio fue regular, podría mejorar.",2025-11-13,Ropa,6
1283,27.0,1098.39,244.64,7.0,48.0,tienda_fisica,6.0,2283,Excelente atención y variedad de productos.,2025-03-17,Ropa,6
1284,8.0,8239.97,199.36,81.0,41.0,móvil,12.0,2284,No estoy satisfecho con la compra.,2025-09-16,Hogar,6
1285,25.0,8369.54,172.84,17.0,51.0,web,1.0,2285,"Buen producto, la calidad es excelente y llegó rápido.",2025-03-04,Hogar,9
1286,0.0,abc,-50.0,400.0,,WEB,,2286,,2025-03-10,,0
1287,8.0,7248.89,40.29,8.0,68.0,móvil,6.0,2287,"El servicio fue regular, podría mejorar.",2025-10-01,Retail,6
1288,10.0,3311.02,442.07,39.0,28.0,tienda_fisica,12.0,2288,"Buen producto, la calidad es excelente y llegó rápido.",2025-08-25,Electrónica,9
1289,999.0,-100,,,-1.0,,,2289,producto,2025-02-10,electronica,1
1290,0.0,-100,,-10.0,200.0,movil,-3.0,2290,producto,2025-12-27,???,1
1291,-5.0,,,,200.0,movil,-3.0,2291,12345,2025-02-14,electronica,1
1292,19.0,4899.07,109.25,45.0,15.0,móvil,2.0,2292,No estoy satisfecho con la compra.,2025-07-14,Hogar,6
1293,0.0,,,-10.0,,,-3.0,2293,,2025-03-23,,0
1294,1.0,3464.0,139.7,23.0,67.0,móvil,2.0,2294,El producto llegó defectuoso.,2025-07-13,Hogar,4
1295,3.0,397.87,70.32,90.0,60.0,móvil,6.0,2295,El producto llegó defectuoso.,2025-11-21,Electrónica,4
1296,14.0,8290.94,40.57,48.0,16.0,móvil,1.0,2296,Relación calidad-precio aceptable.,2025-04-07,Ropa,3
1297,16.0,9802.29,23.97,19.0,63.0,tienda_fisica,7.0,2297,Excelente atención y variedad de productos.,2025-04-17,Electrónica,6
1298,21.0,2628.67,149.88,15.0,68.0,tienda_fisica,13.0,2298,Relación calidad-precio aceptable.,2025-10-24,Electrónica,3
1299,999.0,abc,-50.0,,,movil,,2299,,2025-05-14,,0
1300,19.0,1778.32,262.72,98.0,36.0,tienda_fisica,10.0,2300,"Buen producto, la calidad es excelente y llegó rápido.",2025-09-18,Ropa,9
1301,4.0,8564.0,133.82,107.0,43.0,móvil,9.0,2301,Entrega rápida y buen empaque.,2025-08-21,Retail,5
1302,,-100,-50.0,400.0,,,50.0,2302,12345,2025-10-14,,1
1303,25.0,7222.39,417.92,26.0,40.0,web,4.0,2303,Relación calidad-precio aceptable.,2025-10-30,Hogar,3
1304,7.0,5506.35,232.73,96.0,46.0,tienda_fisica,9.0,2304,"Muy recomendable, volvería a comprar.",2025-04-24,Electrónica,5
1305,25.0,4775.22,26.68,33.0,13.0,web,4.0,2305,Relación calidad-precio aceptable.,2025-01-05,Hogar,3
1306,7.0,5150.88,325.72,54.0,3.0,tienda_fisica,3.0,2306,Entrega rápida y buen empaque.,2025-10-07,Electrónica,5
1307,0.0,-100,,-10.0,200.0,WEB,-3.0,2307,ok,2025-04-30,electronica,1
1308,15.0,4645.16,23.51,98.0,36.0,tienda_fisica,2.0,2308,Entrega rápida y buen empaque.,2025-01-11,Electrónica,5
1309,0.0,-100,,,-1.0,,50.0,2309,,2025-11-26,electronica,0
1310,,-100,-50.0,-10.0,,123,50.0,2310,producto,2025-08-27,???,1
1311,999.0,,,-10.0,-1.0,123,-3.0,2311,,2025-07-11,???,0
1312,0.0,,-50.0,,200.0,,50.0,2312,,2025-12-11,electronica,0
1313,-5.0,-100,-50.0,,,,50.0,2313,,2025-08-09,,0
1314,999.0,-100,-50.0,400.0,,,,2314,,2025-12-22,,0
1315,2.0,5965.84,394.13,31.0,51.0,web,15.0,2315,"Buen producto, la calidad es excelente y llegó rápido.",2025-08-01,Servicios,9
1316,7.0,4122.24,280.98,4.0,2.0,web,6.0,2316,Entrega rápida y buen empaque.,2025-08-27,Ropa,5
1317,4.0,4974.58,85.55,103.0,2.0,móvil,1.0,2317,"Buen producto, la calidad es excelente y llegó rápido.",2025-08-25,Electrónica,9
1318,-5.0,abc,,-10.0,-1.0,,-3.0,2318,,2025-02-25,,0
1319,999.0,-100,,,-1.0,,-3.0,2319,producto,2025-03-03,,1
1320,999.0,-100,,-10.0,200.0,movil,-3.0,2320,ok,2025-10-08,electronica,1
1321,15.0,2605.51,137.54,7.0,19.0,web,14.0,2321,"Buen producto, la calidad es excelente y llegó rápido.",2025-04-26,Hogar,9
1322,12.0,1485.04,331.01,2.0,19.0,móvil,6.0,2322,Excelente atención y variedad de productos.,2025-04-03,Servicios,6
1323,0.0,abc,-50.0,400.0,,123,,2323,,2025-08-17,electronica,0
1324,20.0,274.91,343.71,54.0,46.0,móvil,6.0,2324,El producto llegó defectuoso.,2025-02-18,Servicios,4
1325,-5.0,abc,,400.0,,WEB,50.0,2325,12345,2025-10-13,???,1
1326,,abc,,-10.0,,WEB,-3.0,2326,ok,2025-03-09,electronica,1
1327,-5.0,-100,,400.0,,123,50.0,2327,ok,2025-05-27,,1
1328,16.0,5582.23,399.76,117.0,66.0,tienda_fisica,11.0,2328,Relación calidad-precio aceptable.,2025-08-04,Hogar,3
1329,-5.0,abc,,,,,,2329,,2025-01-13,???,0
1330,19.0,1139.88,35.61,38.0,17.0,web,2.0,2330,"El servicio fue regular, podría mejorar.",2025-08-12,Hogar,6
1331,0.0,,-50.0,-10.0,,,-3.0,2331,producto,2025-05-23,???,1
1332,15.0,9448.26,38.75,21.0,16.0,tienda_fisica,4.0,2332,Relación calidad-precio aceptable.,2025-10-21,Hogar,3
1333,14.0,1915.54,362.92,2.0,22.0,móvil,2.0,2333,Relación calidad-precio aceptable.,2025-03-27,Retail,3
1334,,,-50.0,-10.0,-1.0,,-3.0,2334,,2025-02-01,,0
1335,,abc,,,-1.0,123,50.0,2335,,2025-02-26,???,0
1336,4.0,2558.62,214.97,1.0,3.0,web,10.0,2336,"El servicio fue regular, podría mejorar.",2025-02-17,Ropa,6
1337,5.0,6870.83,116.74,59.0,69.0,tienda_fisica,13.0,2337,No estoy satisfecho con la compra.,2025-10-23,Servicios,6
1338,13.0,138.62,401.68,44.0,39.0,tienda_fisica,9.0,2338,"Buen producto, la calidad es excelente y llegó rápido.",2025-02-12,Ropa,9
1339,9.0,3915.65,39.5,3.0,66.0,tienda_fisica,5.0,2339,"Muy recomendable, volvería a comprar.",2025-12-17,Hogar,5
1340,0.0,,-50.0,-10.0,200.0,,-3.0,2340,,2025-06-12,,0
1341,,abc,-50.0,400.0,,123,-3.0,2341,ok,2025-01-10,electronica,1
1342,,-100,,-10.0,,movil,,2342,,2025-07-30,,0
1343,,,,,,movil,,2343,producto,2025-03-17,???,1
1344,9.0,8818.28,366.09,104.0,18.0,web,12.0,2344,Excelente atención y variedad de productos.,2025-10-04,Electrónica,6
1345,30.0,1420.84,126.8,58.0,37.0,tienda_fisica,1.0,2345,Excelente atención y variedad de productos.,2025-03-18,Ropa,6
1346,17.0,3499.17,445.88,64.0,34.0,móvil,12.0,2346,"Buen producto, la calidad es excelente y llegó rápido.",2025-06-16,Servicios,9
1347,21.0,9710.84,217.56,21.0,29.0,móvil,6.0,2347,Entrega rápida y buen empaque.,2025-08-21,Servicios,5
1348,-5.0,abc,-50.0,400.0,200.0,movil,,2348,,2025-02-24,,0
1349,21.0,1808.06,323.14,42.0,45.0,tienda_fisica,10.0,2349,"El servicio fue regular, podría mejorar.",2025-01-10,Hogar,6
1350,-5.0,,-50.0,-10.0,-1.0,,,2350,,2025-08-07,,0
1351,18.0,2460.91,88.8,12.0,4.0,web,2.0,2351,Excelente atención y variedad de productos.,2025-03-31,Electrónica,6
1352,,-100,-50.0,-10.0,200.0,WEB,,2352,,2025-09-30,???,0
1353,14.0,7526.73,127.71,105.0,34.0,web,5.0,2353,El producto llegó defectuoso.,2025-07-15,Hogar,4
1354,15.0,4218.67,125.01,82.0,39.0,móvil,7.0,2354,Excelente atención y variedad de productos.,2025-01-13,Servicios,6
1355,-5.0,,,400.0,200.0,,50.0,2355,,2025-04-15,electronica,0
1356,9.0,2387.04,288.0,54.0,11.0,móvil,8.0,2356,Excelente atención y variedad de productos.,2025-07-29,Hogar,6
1357,24.0,6809.92,416.5,86.0,24.0,web,7.0,2357,"El servicio fue regular, podría mejorar.",2025-08-20,Retail,6
1358,23.0,8101.94,468.77,120.0,52.0,tienda_fisica,3.0,2358,El producto llegó defectuoso.,2025-03-08,Hogar,4
1359,999.0,abc,,400.0,,,,2359,12345,2025-08-28,???,1
1360,21.0,2116.55,27.22,53.0,14.0,tienda_fisica,13.0,2360,"Buen producto, la calidad es excelente y llegó rápido.",2025-09-19,Servicios,9
1361,0.0,-100,-50.0,,,123,-3.0,2361,ok,2025-06-07,???,1
1362,0.0,-100,-50.0,-10.0,,,50.0,2362,producto,2025-08-10,???,1
1363,12.0,2604.94,397.11,3.0,52.0,tienda_fisica,11.0,2363,Excelente atención y variedad de productos.,2025-12-20,Retail,6
1364,-5.0,abc,,-10.0,200.0,movil,50.0,2364,,2025-02-11,,0
1365,28.0,6703.47,132.08,29.0,44.0,móvil,11.0,2365,"Buen producto, la calidad es excelente y llegó rápido.",2025-10-28,Servicios,9
1366,24.0,694.49,268.07,76.0,54.0,tienda_fisica,9.0,2366,Excelente atención y variedad de productos.,2025-01-12,Ropa,6
1367,12.0,8475.09,411.95,6.0,24.0,móvil,2.0,2367,"Buen producto, la calidad es excelente y llegó rápido.",2025-03-24,Retail,9
1368,22.0,7510.03,59.49,93.0,24.0,móvil,4.0,2368,No estoy satisfecho con la compra.,2025-01-16,Retail,6
1369,999.0,-100,-50.0,,-1.0,,-3.0,2369,ok,2026-01-01,,1
1370,2.0,2066.23,49.99,90.0,26.0,tienda_fisica,2.0,2370,"Buen producto, la calidad es excelente y llegó rápido.",2025-11-01,Hogar,9
1371,3.0,940.18,152.49,2.0,27.0,tienda_fisica,5.0,2371,"Buen producto, la calidad es excelente y llegó rápido.",2025-09-01,Ropa,9
1372,24.0,1034.07,414.87,98.0,72.0,web,7.0,2372,"Muy recomendable, volvería a comprar.",2025-01-24,Electrónica,5
1373,25.0,9877.56,190.29,92.0,7.0,web,12.0,2373,Excelente atención y variedad de productos.,2025-09-17,Hogar,6
1374,,,-50.0,400.0,-1.0,123,-3.0,2374,12345,2025-04-16,electronica,1
1375,17.0,1698.2,77.3,61.0,22.0,móvil,9.0,2375,Entrega rápida y buen empaque.,2025-09-28,Servicios,5
1376,16.0,1419.14,244.63,98.0,8.0,móvil,12.0,2376,"Buen producto, la calidad es excelente y llegó rápido.",2025-04-27,Ropa,9
1377,1.0,5547.62,265.75,100.0,61.0,móvil,14.0,2377,El producto llegó defectuoso.,2025-03-21,Electrónica,4
1378,999.0,,-50.0,400.0,-1.0,WEB,,2378,ok,2025-06-23,???,1
1379,18.0,8639.75,451.84,1.0,24.0,web,13.0,2379,El producto llegó defectuoso.,2025-05-27,Hogar,4
1380,26.0,3551.38,436.22,65.0,5.0,tienda_fisica,1.0,2380,Entrega rápida y buen empaque.,2025-03-28,Ropa,5
1381,26.0,7691.92,122.38,51.0,24.0,tienda_fisica,3.0,2381,No estoy satisfecho con la compra.,2025-03-04,Retail,6
1382,18.0,3556.5,238.83,51.0,61.0,web,1.0,2382,El producto llegó defectuoso.,2025-07-19,Hogar,4
1383,14.0,6216.45,76.83,74.0,47.0,tienda_fisica,12.0,2383,"El servicio fue regular, podría mejorar.",2025-03-14,Retail,6
1384,,-100,,-10.0,-1.0,,,2384,12345,2025-01-05,,1
1385,,-100,,-10.0,200.0,movil,50.0,2385,producto,2025-12-22,,1
1386,0.0,,,400.0,-1.0,123,-3.0,2386,producto,2025-01-13,,1
1387,-5.0,-100,,-10.0,-1.0,,-3.0,2387,producto,2025-02-21,???,1
1388,24.0,3679.05,407.62,71.0,50.0,web,12.0,2388,"Muy recomendable, volvería a comprar.",2025-05-29,Hogar,5
1389,8.0,3133.09,63.54,1.0,42.0,web,1.0,2389,Entrega rápida y buen empaque.,2025-03-02,Servicios,5
1390,9.0,7698.64,94.62,65.0,55.0,móvil,14.0,2390,El producto llegó defectuoso.,2025-03-04,Hogar,4
1391,-5.0,-100,-50.0,,,WEB,,2391,ok,2025-02-20,electronica,1
1392,999.0,abc,-50.0,,,123,,2392,producto,2025-03-21,electronica,1
1393,6.0,2309.47,204.01,20.0,38.0,tienda_fisica,13.0,2393,"Muy recomendable, volvería a comprar.",2025-05-30,Electrónica,5
1394,14.0,7742.98,244.91,5.0,46.0,tienda_fisica,2.0,2394,Relación calidad-precio aceptable.,2025-08-15,Retail,3
1395,999.0,-100,,,,,50.0,2395,,2025-09-04,,0
1396,22.0,7240.47,123.93,63.0,41.0,tienda_fisica,5.0,2396,"Muy recomendable, volvería a comprar.",2025-04-27,Servicios,5
1397,27.0,775.31,164.82,109.0,42.0,web,12.0,2397,Relación calidad-precio aceptable.,2025-08-24,Hogar,3
1398,19.0,1768.95,144.59,97.0,51.0,móvil,11.0,2398,Excelente atención y variedad de productos.,2025-09-28,Electrónica,6
1399,18.0,5186.13,164.12,6.0,58.0,web,7.0,2399,Excelente atención y variedad de productos.,2025-08-08,Hogar,6
1400,0.0,-100,,-10.0,200.0,,-3.0,2400,12345,2025-06-23,???,1
1401,999.0,abc,-50.0,,200.0,123,-3.0,2401,12345,2025-04-22,???,1
1402,20.0,568.58,450.04,89.0,4.0,móvil,13.0,2402,"Muy recomendable, volvería a comprar.",2025-05-15,Ropa,5
1403,6.0,622.47,180.61,48.0,31.0,tienda_fisica,5.0,2403,No estoy satisfecho con la compra.,2025-01-04,Hogar,6
1404,0.0,abc,,400.0,-1.0,,,2404,12345,2025-11-02,,1
1405,11.0,1958.93,334.99,42.0,53.0,móvil,8.0,2405,"Buen producto, la calidad es excelente y llegó rápido.",2025-01-30,Retail,9
1406,16.0,7121.27,185.25,21.0,56.0,tienda_fisica,14.0,2406,"Muy recomendable, volvería a comprar.",2025-02-09,Ropa,5
1407,5.0,8458.53,248.89,111.0,52.0,web,12.0,2407,Relación calidad-precio aceptable.,2025-03-08,Servicios,3
1408,23.0,1801.83,472.97,19.0,62.0,web,2.0,2408,"Buen producto, la calidad es excelente y llegó rápido.",2025-02-24,Servicios,9
1409,14.0,6087.14,484.98,14.0,55.0,móvil,3.0,2409,"Muy recomendable, volvería a comprar.",2025-01-30,Retail,5
1410,4.0,2925.05,421.83,52.0,71.0,web,4.0,2410,Entrega rápida y buen empaque.,2025-01-17,Ropa,5
1411,7.0,5865.92,407.11,24.0,4.0,web,15.0,2411,"Buen producto, la calidad es excelente y llegó rápido.",2025-04-03,Hogar,9
1412,4.0,9969.0,447.43,24.0,51.0,tienda_fisica,5.0,2412,"Buen producto, la calidad es excelente y llegó rápido.",2025-09-11,Ropa,9
1413,28.0,760.96,242.99,114.0,3.0,web,15.0,2413,"Buen producto, la calidad es excelente y llegó rápido.",2025-04-21,Hogar,9
1414,15.0,8876.58,38.88,44.0,2.0,web,1.0,2414,No estoy satisfecho con la compra.,2025-05-30,Hogar,6
1415,27.0,4615.44,141.83,36.0,49.0,web,10.0,2415,El producto llegó defectuoso.,2025-04-25,Servicios,4
1416,26.0,4463.83,489.87,118.0,72.0,móvil,1.0,2416,Relación calidad-precio aceptable.,2025-10-04,Servicios,3
1417,,,-50.0,-10.0,,123,50.0,2417,12345,2025-11-10,,1
1418,23.0,6056.05,374.32,29.0,17.0,tienda_fisica,8.0,2418,"El servicio fue regular, podría mejorar.",2025-12-25,Retail,6
1419,-5.0,-100,-50.0,,-1.0,,,2419,producto,2025-11-30,,1
1420,0.0,,,,,123,50.0,2420,,2025-06-19,???,0
1421,12.0,9773.44,302.29,34.0,48.0,móvil,1.0,2421,Relación calidad-precio aceptable.,2025-08-20,Servicios,3
1422,10.0,8169.84,220.97,64.0,47.0,tienda_fisica,13.0,2422,El producto llegó defectuoso.,2025-07-31,Ropa,4
1423,18.0,151.78,363.14,14.0,22.0,web,10.0,2423,"Buen producto, la calidad es excelente y llegó rápido.",2025-01-24,Servicios,9
1424,0.0,abc,-50.0,,,,50.0,2424,ok,2025-10-21,electronica,1
1425,29.0,1610.93,479.42,32.0,27.0,tienda_fisica,3.0,2425,Excelente atención y variedad de productos.,2025-01-04,Servicios,6
1426,2.0,1581.94,199.63,84.0,43.0,web,6.0,2426,"El servicio fue regular, podría mejorar.",2025-01-31,Retail,6
1427,,abc,-50.0,-10.0,,WEB,50.0,2427,ok,2025-09-16,electronica,1
1428,20.0,1976.73,392.37,25.0,21.0,tienda_fisica,5.0,2428,No estoy satisfecho con la compra.,2025-05-07,Retail,6
1429,5.0,122.06,277.95,45.0,69.0,web,11.0,2429,El producto llegó defectuoso.,2025-04-29,Ropa,4
1430,0.0,abc,-50.0,,,movil,50.0,2430,,2025-07-21,electronica,0
1431,-5.0,-100,-50.0,,,123,-3.0,2431,,2025-02-08,,0
1432,9.0,1642.53,455.08,50.0,24.0,móvil,10.0,2432,Entrega rápida y buen empaque.,2025-05-18,Ropa,5
1433,11.0,6240.23,402.48,76.0,17.0,tienda_fisica,3.0,2433,"Muy recomendable, volvería a comprar.",2025-07-22,Servicios,5
1434,16.0,3755.15,366.82,17.0,55.0,tienda_fisica,14.0,2434,"El servicio fue regular, podría mejorar.",2025-05-21,Servicios,6
1435,9.0,3861.8,450.7,19.0,4.0,web,15.0,2435,El producto llegó defectuoso.,2025-11-14,Ropa,4
1436,1.0,5732.26,96.0,95.0,69.0,móvil,15.0,2436,"Buen producto, la calidad es excelente y llegó rápido.",2025-05-18,Servicios,9
1437,0.0,-100,-50.0,-10.0,,WEB,50.0,2437,,2025-04-28,electronica,0
1438,4.0,2745.51,365.5,18.0,13.0,móvil,10.0,2438,Entrega rápida y buen empaque.,2025-11-24,Electrónica,5
1439,999.0,,,400.0,-1.0,WEB,,2439,producto,2025-08-27,,1
1440,28.0,1356.36,485.96,65.0,70.0,web,4.0,2440,Relación calidad-precio aceptable.,2025-12-29,Retail,3
1441,19.0,1844.31,465.28,1.0,39.0,tienda_fisica,13.0,2441,"El servicio fue regular, podría mejorar.",2025-10-05,Retail,6
1442,21.0,3852.93,295.8,27.0,31.0,web,13.0,2442,"Muy recomendable, volvería a comprar.",2025-03-29,Hogar,5
1443,4.0,3611.79,316.41,8.0,22.0,tienda_fisica,6.0,2443,Entrega rápida y buen empaque.,2025-08-28,Hogar,5
1444,9.0,620.43,269.49,82.0,65.0,tienda_fisica,13.0,2444,El producto llegó defectuoso.,2025-07-03,Retail,4
1445,25.0,3240.36,229.88,102.0,62.0,tienda_fisica,3.0,2445,Excelente atención y variedad de productos.,2025-07-27,Servicios,6
1446,13.0,4848.44,336.06,100.0,22.0,web,6.0,2446,Relación calidad-precio aceptable.,2025-06-06,Ropa,3
1447,3.0,7868.07,208.06,72.0,21.0,tienda_fisica,3.0,2447,Entrega rápida y buen empaque.,2025-04-04,Retail,5
1448,12.0,7306.89,338.57,82.0,52.0,web,3.0,2448,Excelente atención y variedad de productos.,2025-06-03,Electrónica,6
1449,19.0,7616.77,442.79,83.0,2.0,tienda_fisica,2.0,2449,No estoy satisfecho con la compra.,2025-03-28,Hogar,6
1450,10.0,5718.83,104.0,2.0,2.0,web,10.0,2450,"El servicio fue regular, podría mejorar.",2025-12-26,Retail,6
1451,2.0,1387.07,211.28,34.0,44.0,móvil,14.0,2451,"Muy recomendable, volvería a comprar.",2025-01-27,Servicios,5
1452,6.0,714.2,421.26,83.0,6.0,móvil,1.0,2452,No estoy satisfecho con la compra.,2025-04-29,Hogar,6
1453,8.0,3738.82,116.38,80.0,23.0,web,3.0,2453,No estoy satisfecho con la compra.,2025-03-24,Electrónica,6
1454,0.0,,-50.0,400.0,-1.0,,,2454,,2025-01-11,,0
1455,22.0,420.86,211.99,52.0,15.0,web,15.0,2455,"Muy recomendable, volvería a comprar.",2025-12-17,Hogar,5
1456,28.0,1341.5,155.06,91.0,68.0,web,12.0,2456,El producto llegó defectuoso.,2025-07-01,Hogar,4
1457,999.0,-100,-50.0,,,123,-3.0,2457,,2025-08-16,electronica,0
1458,22.0,1157.68,491.86,114.0,26.0,tienda_fisica,13.0,2458,No estoy satisfecho con la compra.,2025-07-30,Servicios,6
1459,-5.0,,,-10.0,-1.0,123,50.0,2459,ok,2025-02-20,electronica,1
1460,30.0,7501.21,240.69,60.0,61.0,móvil,11.0,2460,"El servicio fue regular, podría mejorar.",2025-07-18,Retail,6
1461,14.0,8593.6,120.05,33.0,38.0,móvil,3.0,2461,"Buen producto, la calidad es excelente y llegó rápido.",2025-11-16,Hogar,9
1462,16.0,3311.55,183.29,66.0,71.0,móvil,8.0,2462,"El servicio fue regular, podría mejorar.",2025-01-11,Hogar,6
1463,6.0,3032.81,107.72,113.0,22.0,móvil,5.0,2463,No estoy satisfecho con la compra.,2025-10-14,Ropa,6
1464,-5.0,,-50.0,-10.0,,movil,,2464,ok,2025-08-08,electronica,1
1465,19.0,2592.51,293.73,2.0,22.0,web,6.0,2465,El producto llegó defectuoso.,2025-05-31,Ropa,4
1466,27.0,7622.6,220.65,73.0,6.0,móvil,5.0,2466,El producto llegó defectuoso.,2025-12-19,Servicios,4
1467,24.0,7075.67,50.35,2.0,1.0,web,10.0,2467,El producto llegó defectuoso.,2025-06-23,Ropa,4
1468,,-100,-50.0,,200.0,movil,,2468,12345,2025-05-01,electronica,1
1469,0.0,,-50.0,,200.0,123,,2469,,2025-01-26,,0
1470,0.0,,,,-1.0,,,2470,ok,2025-01-27,,1
1471,27.0,6535.66,430.95,113.0,54.0,móvil,5.0,2471,"Muy recomendable, volvería a comprar.",2025-08-01,Electrónica,5
1472,13.0,5556.85,408.38,101.0,9.0,web,6.0,2472,No estoy satisfecho con la compra.,2025-12-04,Hogar,6
1473,-5.0,-100,-50.0,,,,50.0,2473,producto,2025-03-27,electronica,1
1474,11.0,458.05,238.12,108.0,72.0,web,7.0,2474,Relación calidad-precio aceptable.,2025-01-11,Electrónica,3
1475,999.0,-100,,-10.0,-1.0,WEB,50.0,2475,12345,2025-05-07,electronica,1
1476,7.0,319.15,251.86,57.0,28.0,móvil,1.0,2476,No estoy satisfecho con la compra.,2025-07-27,Ropa,6
1477,6.0,7362.21,221.9,114.0,61.0,web,15.0,2477,Excelente atención y variedad de productos.,2025-10-22,Ropa,6
1478,25.0,5143.41,263.88,65.0,56.0,web,6.0,2478,"Buen producto, la calidad es excelente y llegó rápido.",2025-04-22,Ropa,9
1479,13.0,4733.75,118.52,54.0,27.0,móvil,5.0,2479,"Buen producto, la calidad es excelente y llegó rápido.",2025-12-15,Ropa,9
1480,13.0,289.5,425.04,103.0,42.0,tienda_fisica,14.0,2480,"Muy recomendable, volvería a comprar.",2025-01-12,Ropa,5
1481,5.0,8292.94,353.35,8.0,34.0,tienda_fisica,11.0,2481,Excelente atención y variedad de productos.,2025-10-15,Retail,6
1482,22.0,7246.72,34.27,51.0,27.0,tienda_fisica,3.0,2482,El producto llegó defectuoso.,2025-02-01,Electrónica,4
1483,16.0,1957.0,408.6,75.0,23.0,móvil,13.0,2483,"Buen producto, la calidad es excelente y llegó rápido.",2025-09-18,Servicios,9
1484,16.0,1243.98,93.88,90.0,42.0,web,15.0,2484,Excelente atención y variedad de productos.,2025-04-15,Ropa,6
1485,15.0,7388.5,462.59,69.0,55.0,web,14.0,2485,"El servicio fue regular, podría mejorar.",2025-06-07,Hogar,6
1486,6.0,350.56,364.62,76.0,69.0,web,11.0,2486,Relación calidad-precio aceptable.,2025-12-07,Hogar,3
1487,,abc,-50.0,-10.0,,,,2487,ok,2025-10-17,,1
1488,13.0,6008.2,50.48,44.0,69.0,móvil,8.0,2488,"Buen producto, la calidad es excelente y llegó rápido.",2025-04-08,Hogar,9
1489,0.0,abc,,400.0,-1.0,movil,-3.0,2489,ok,2025-12-24,,1
1490,-5.0,,,400.0,-1.0,,,2490,producto,2025-11-21,???,1
1491,22.0,1183.28,443.85,68.0,7.0,tienda_fisica,2.0,2491,No estoy satisfecho con la compra.,2025-07-14,Retail,6
1492,29.0,8506.72,265.28,43.0,1.0,móvil,4.0,2492,Excelente atención y variedad de productos.,2025-08-18,Ropa,6
1493,30.0,6010.82,94.92,81.0,39.0,web,1.0,2493,"Buen producto, la calidad es excelente y llegó rápido.",2025-08-17,Hogar,9
1494,17.0,6424.19,435.76,110.0,9.0,web,8.0,2494,"Buen producto, la calidad es excelente y llegó rápido.",2025-03-23,Electrónica,9
1495,18.0,1779.84,437.66,38.0,39.0,tienda_fisica,14.0,2495,El producto llegó defectuoso.,2025-09-27,Servicios,4
1496,0.0,abc,,400.0,-1.0,,50.0,2496,12345,2025-11-28,,1
1497,14.0,5421.38,223.03,76.0,15.0,móvil,12.0,2497,"El servicio fue regular, podría mejorar.",2025-11-04,Electrónica,6
1498,26.0,4748.87,208.12,2.0,72.0,móvil,1.0,2498,Excelente atención y variedad de productos.,2025-09-29,Electrónica,6
1499,-5.0,,-50.0,400.0,-1.0,,,2499,producto,2025-04-10,,1
1500,7.0,3294.33,305.53,81.0,24.0,móvil,11.0,2500,Relación calidad-precio aceptable.,2025-05-10,Retail,3
1501,-5.0,-100,-50.0,400.0,200.0,123,,2501,,2025-12-05,???,0
1502,22.0,8775.21,123.18,77.0,3.0,web,10.0,2502,Excelente atención y variedad de productos.,2025-02-16,Retail,6
1503,12.0,2524.01,107.67,117.0,35.0,web,10.0,2503,"Muy recomendable, volvería a comprar.",2025-08-20,Servicios,5
1504,20.0,3798.39,385.3,1.0,17.0,tienda_fisica,15.0,2504,No estoy satisfecho con la compra.,2025-05-31,Electrónica,6
1505,-5.0,,,-10.0,200.0,movil,,2505,ok,2025-05-11,,1
1506,26.0,3703.81,471.98,87.0,3.0,web,4.0,2506,"Muy recomendable, volvería a comprar.",2025-07-24,Ropa,5
1507,4.0,3555.17,364.09,58.0,64.0,móvil,4.0,2507,Excelente atención y variedad de productos.,2025-09-23,Ropa,6
1508,5.0,9990.67,481.15,30.0,55.0,tienda_fisica,1.0,2508,El producto llegó defectuoso.,2025-07-15,Hogar,4
1509,10.0,5873.81,82.09,75.0,40.0,móvil,10.0,2509,El producto llegó defectuoso.,2025-09-06,Ropa,4
1510,24.0,552.45,143.15,78.0,68.0,tienda_fisica,7.0,2510,Excelente atención y variedad de productos.,2025-04-05,Servicios,6
1511,999.0,,,-10.0,,,50.0,2511,,2025-10-26,,0
1512,20.0,9853.4,456.17,77.0,20.0,web,10.0,2512,El producto llegó defectuoso.,2025-11-05,Retail,4
1513,7.0,3240.13,285.37,62.0,52.0,tienda_fisica,9.0,2513,No estoy satisfecho con la compra.,2025-09-21,Ropa,6
1514,12.0,9167.83,228.24,39.0,16.0,móvil,4.0,2514,Excelente atención y variedad de productos.,2025-05-11,Hogar,6
1515,29.0,6099.69,138.57,42.0,26.0,web,10.0,2515,Relación calidad-precio aceptable.,2025-09-28,Ropa,3
1516,5.0,4054.39,34.08,115.0,9.0,tienda_fisica,5.0,2516,Excelente atención y variedad de productos.,2025-06-02,Electrónica,6
1517,-5.0,,-50.0,-10.0,,,50.0,2517,,2025-10-16,???,0
1518,0.0,abc,,,-1.0,movil,50.0,2518,,2025-10-06,,0
1519,21.0,3305.89,342.25,39.0,21.0,web,12.0,2519,El producto llegó defectuoso.,2025-12-08,Ropa,4
1520,11.0,6229.79,360.52,20.0,8.0,web,9.0,2520,"Buen producto, la calidad es excelente y llegó rápido.",2025-04-04,Retail,9
1521,999.0,,,400.0,-1.0,WEB,50.0,2521,producto,2025-05-14,,1
1522,30.0,9380.04,471.28,106.0,70.0,tienda_fisica,15.0,2522,Excelente atención y variedad de productos.,2025-01-18,Hogar,6
1523,29.0,92.92,247.45,47.0,32.0,móvil,11.0,2523,Excelente atención y variedad de productos.,2025-01-02,Hogar,6
1524,30.0,5285.61,294.5,62.0,20.0,móvil,13.0,2524,"El servicio fue regular, podría mejorar.",2025-11-30,Hogar,6
1525,10.0,2516.69,470.9,63.0,33.0,tienda_fisica,2.0,2525,"Buen producto, la calidad es excelente y llegó rápido.",2025-12-30,Retail,9
1526,999.0,abc,,,-1.0,WEB,-3.0,2526,,2025-01-27,,0
1527,3.0,4988.47,485.93,8.0,29.0,móvil,7.0,2527,Excelente atención y variedad de productos.,2025-02-14,Servicios,6
1528,5.0,6965.35,420.0,96.0,10.0,tienda_fisica,10.0,2528,"Buen producto, la calidad es excelente y llegó rápido.",2025-04-12,Servicios,9
1529,2.0,1939.28,371.25,104.0,38.0,web,14.0,2529,"Muy recomendable, volvería a comprar.",2025-06-08,Servicios,5
1530,-5.0,,,,-1.0,,,2530,producto,2025-10-01,electronica,1
1531,3.0,9233.9,444.73,89.0,61.0,web,7.0,2531,Entrega rápida y buen empaque.,2025-06-14,Servicios,5
1532,-5.0,abc,,-10.0,,123,50.0,2532,12345,2025-05-03,,1
1533,3.0,2716.45,204.09,33.0,5.0,web,10.0,2533,Entrega rápida y buen empaque.,2025-02-07,Ropa,5
1534,12.0,3495.85,376.15,94.0,13.0,móvil,6.0,2534,"Buen producto, la calidad es excelente y llegó rápido.",2025-08-20,Ropa,9
1535,0.0,abc,-50.0,,-1.0,123,50.0,2535,ok,2025-09-09,???,1
1536,1.0,5898.93,448.29,103.0,2.0,web,12.0,2536,Relación calidad-precio aceptable.,2025-06-09,Electrónica,3
1537,,-100,-50.0,400.0,200.0,movil,50.0,2537,producto,2025-03-18,,1
1538,999.0,,-50.0,400.0,200.0,123,-3.0,2538,,2025-05-03,,0
1539,22.0,9487.77,321.6,89.0,3.0,tienda_fisica,11.0,2539,El producto llegó defectuoso.,2025-08-16,Ropa,4
1540,11.0,1616.61,354.95,12.0,49.0,web,5.0,2540,El producto llegó defectuoso.,2025-12-21,Servicios,4
1541,24.0,2405.46,366.0,17.0,26.0,tienda_fisica,1.0,2541,No estoy satisfecho con la compra.,2025-04-08,Servicios,6
1542,28.0,255.62,455.78,116.0,7.0,móvil,13.0,2542,Relación calidad-precio aceptable.,2025-08-10,Retail,3
1543,2.0,5985.98,39.69,87.0,16.0,tienda_fisica,10.0,2543,"Muy recomendable, volvería a comprar.",2025-12-25,Ropa,5
1544,3.0,964.16,346.76,117.0,19.0,tienda_fisica,13.0,2544,No estoy satisfecho con la compra.,2025-07-19,Retail,6
1545,18.0,3418.11,42.58,21.0,52.0,web,4.0,2545,Relación calidad-precio aceptable.,2025-04-06,Retail,3
1546,2.0,2987.92,238.31,88.0,21.0,web,3.0,2546,El producto llegó defectuoso.,2025-01-10,Ropa,4
1547,999.0,,,,200.0,123,,2547,,2025-06-01,???,0
1548,30.0,6423.7,114.41,57.0,9.0,tienda_fisica,5.0,2548,Excelente atención y variedad de productos.,2025-07-19,Electrónica,6
1549,24.0,2476.61,150.7,113.0,63.0,tienda_fisica,13.0,2549,Entrega rápida y buen empaque.,2025-07-18,Ropa,5
1550,8.0,3300.83,384.29,49.0,1.0,web,6.0,2550,Excelente atención y variedad de productos.,2025-04-29,Hogar,6
1551,24.0,5369.47,27.89,48.0,63.0,web,14.0,2551,"El servicio fue regular, podría mejorar.",2025-10-12,Hogar,6
1552,17.0,4042.78,178.71,105.0,7.0,web,7.0,2552,El producto llegó defectuoso.,2025-05-02,Servicios,4
1553,-5.0,,-50.0,-10.0,200.0,,50.0,2553,12345,2025-11-25,,1
1554,-5.0,-100,-50.0,400.0,-1.0,,50.0,2554,,2025-03-02,electronica,0
1555,5.0,3680.12,31.19,34.0,44.0,web,3.0,2555,"Buen producto, la calidad es excelente y llegó rápido.",2025-12-19,Servicios,9
1556,999.0,abc,,-10.0,-1.0,,50.0,2556,producto,2025-11-29,electronica,1
1557,20.0,7180.25,226.58,18.0,60.0,móvil,6.0,2557,"Buen producto, la calidad es excelente y llegó rápido.",2025-09-10,Electrónica,9
1558,26.0,2769.88,322.48,18.0,6.0,tienda_fisica,6.0,2558,Relación calidad-precio aceptable.,2025-05-27,Retail,3
1559,30.0,3327.31,266.62,16.0,72.0,tienda_fisica,1.0,2559,Relación calidad-precio aceptable.,2025-11-19,Retail,3
1560,12.0,6311.04,274.11,37.0,37.0,tienda_fisica,13.0,2560,El producto llegó defectuoso.,2025-06-19,Ropa,4
1561,20.0,7952.31,198.08,16.0,64.0,móvil,10.0,2561,Excelente atención y variedad de productos.,2025-09-11,Servicios,6
1562,0.0,,-50.0,,-1.0,,,2562,,2025-10-05,???,0
1563,15.0,8643.74,94.05,54.0,52.0,móvil,1.0,2563,Relación calidad-precio aceptable.,2025-03-09,Electrónica,3
1564,,-100,-50.0,,-1.0,,50.0,2564,producto,2025-01-03,electronica,1
1565,999.0,-100,,,-1.0,WEB,,2565,12345,2025-09-27,,1
1566,6.0,2593.82,56.03,32.0,42.0,web,5.0,2566,Excelente atención y variedad de productos.,2025-08-15,Retail,6
1567,24.0,7466.11,122.62,88.0,41.0,web,12.0,2567,Relación calidad-precio aceptable.,2025-08-28,Hogar,3
1568,19.0,9339.08,58.38,83.0,68.0,móvil,11.0,2568,"El servicio fue regular, podría mejorar.",2025-10-22,Hogar,6
1569,19.0,2187.34,178.45,114.0,16.0,móvil,9.0,2569,El producto llegó defectuoso.,2025-05-01,Retail,4
1570,999.0,,-50.0,,200.0,movil,,2570,ok,2025-01-26,???,1
1571,26.0,7323.81,280.19,32.0,1.0,web,13.0,2571,"Muy recomendable, volvería a comprar.",2025-11-25,Hogar,5
1572,,,,-10.0,-1.0,WEB,-3.0,2572,,2025-03-15,,0
1573,26.0,6841.99,120.96,111.0,52.0,tienda_fisica,5.0,2573,No estoy satisfecho con la compra.,2025-05-13,Hogar,6
1574,0.0,-100,,,,123,50.0,2574,ok,2025-10-31,,1
1575,16.0,9188.54,318.54,91.0,21.0,móvil,4.0,2575,"Muy recomendable, volvería a comprar.",2025-10-01,Servicios,5
1576,5.0,2421.07,107.53,74.0,13.0,tienda_fisica,5.0,2576,"Buen producto, la calidad es excelente y llegó rápido.",2025-12-19,Servicios,9
1577,8.0,7623.4,104.09,36.0,38.0,web,3.0,2577,No estoy satisfecho con la compra.,2025-04-19,Hogar,6
1578,29.0,6100.67,403.85,62.0,43.0,móvil,14.0,2578,Excelente atención y variedad de productos.,2025-06-14,Electrónica,6
1579,5.0,8972.16,47.64,119.0,57.0,móvil,6.0,2579,Entrega rápida y buen empaque.,2025-08-12,Retail,5
1580,7.0,5533.59,126.15,4.0,1.0,tienda_fisica,12.0,2580,"El servicio fue regular, podría mejorar.",2025-07-21,Ropa,6
1581,6.0,7745.9,227.6,81.0,20.0,web,15.0,2581,Excelente atención y variedad de productos.,2025-03-07,Servicios,6
1582,7.0,9395.37,218.8,93.0,65.0,móvil,12.0,2582,No estoy satisfecho con la compra.,2025-01-18,Hogar,6
1583,1.0,9258.86,232.62,27.0,72.0,móvil,6.0,2583,"Muy recomendable, volvería a comprar.",2025-01-27,Retail,5
1584,,-100,,-10.0,200.0,,,2584,producto,2025-02-13,electronica,1
1585,24.0,583.78,450.95,35.0,3.0,web,11.0,2585,Relación calidad-precio aceptable.,2025-11-28,Hogar,3
1586,14.0,4561.76,86.11,73.0,1.0,móvil,14.0,2586,Excelente atención y variedad de productos.,2025-08-09,Retail,6
1587,23.0,4078.14,406.33,85.0,46.0,web,11.0,2587,No estoy satisfecho con la compra.,2025-07-26,Electrónica,6
1588,10.0,5758.08,148.29,77.0,63.0,móvil,11.0,2588,"El servicio fue regular, podría mejorar.",2025-10-28,Hogar,6
1589,999.0,abc,,400.0,-1.0,123,,2589,producto,2025-11-03,,1
1590,19.0,7413.92,446.6,105.0,41.0,tienda_fisica,1.0,2590,"Buen producto, la calidad es excelente y llegó rápido.",2025-05-25,Hogar,9
1591,27.0,4198.61,438.75,38.0,28.0,tienda_fisica,3.0,2591,Excelente atención y variedad de productos.,2025-03-09,Servicios,6
1592,4.0,1351.08,95.34,71.0,69.0,tienda_fisica,13.0,2592,El producto llegó defectuoso.,2025-11-30,Retail,4
1593,,abc,,-10.0,,,-3.0,2593,producto,2025-01-03,electronica,1
1594,24.0,7005.17,461.22,21.0,18.0,web,15.0,2594,El producto llegó defectuoso.,2025-04-09,Hogar,4
1595,10.0,1767.62,446.96,82.0,21.0,tienda_fisica,6.0,2595,"Muy recomendable, volvería a comprar.",2025-07-23,Retail,5
1596,3.0,8480.09,391.69,68.0,19.0,tienda_fisica,15.0,2596,"Muy recomendable, volvería a comprar.",2025-03-07,Ropa,5
1597,,abc,,-10.0,,123,50.0,2597,,2025-01-26,???,0
1598,19.0,6442.22,212.39,60.0,69.0,web,14.0,2598,Relación calidad-precio aceptable.,2025-05-19,Servicios,3
1599,22.0,4466.04,149.28,100.0,50.0,tienda_fisica,4.0,2599,El producto llegó defectuoso.,2025-12-14,Retail,4
1600,5.0,2053.24,405.91,7.0,70.0,web,1.0,2600,"Muy recomendable, volvería a comprar.",2025-10-21,Ropa,5
1601,13.0,1367.46,67.5,42.0,46.0,móvil,15.0,2601,El producto llegó defectuoso.,2025-06-13,Electrónica,4
1602,9.0,3338.91,339.44,67.0,52.0,tienda_fisica,6.0,2602,El producto llegó defectuoso.,2025-06-17,Ropa,4
1603,4.0,9912.42,102.63,61.0,56.0,móvil,5.0,2603,Entrega rápida y buen empaque.,2025-01-03,Hogar,5
1604,999.0,abc,-50.0,,200.0,,-3.0,2604,ok,2025-07-02,???,1
1605,,-100,-50.0,-10.0,,,,2605,ok,2025-05-14,electronica,1
1606,-5.0,-100,-50.0,-10.0,200.0,123,,2606,ok,2025-10-01,???,1
1607,27.0,3216.86,245.58,6.0,9.0,web,8.0,2607,No estoy satisfecho con la compra.,2025-01-11,Ropa,6
1608,29.0,6241.0,408.75,35.0,20.0,móvil,15.0,2608,"Buen producto, la calidad es excelente y llegó rápido.",2025-04-19,Servicios,9
1609,2.0,7983.27,179.74,7.0,70.0,móvil,10.0,2609,Excelente atención y variedad de productos.,2025-10-01,Electrónica,6
1610,0.0,,-50.0,400.0,,123,50.0,2610,,2025-02-03,electronica,0
1611,28.0,8454.11,414.21,74.0,63.0,móvil,3.0,2611,"Muy recomendable, volvería a comprar.",2025-05-20,Ropa,5
1612,0.0,,,400.0,,WEB,50.0,2612,,2025-01-07,electronica,0
1613,,,,,200.0,,-3.0,2613,,2025-10-21,???,0
1614,,abc,-50.0,-10.0,200.0,WEB,,2614,,2025-01-01,electronica,0
1615,0.0,abc,-50.0,-10.0,-1.0,123,,2615,ok,2025-09-29,electronica,1
1616,20.0,8423.24,28.43,25.0,40.0,web,3.0,2616,Relación calidad-precio aceptable.,2025-01-21,Retail,3
1617,999.0,,,,,123,50.0,2617,12345,2025-07-07,???,1
1618,17.0,8998.57,374.15,117.0,67.0,web,12.0,2618,"El servicio fue regular, podría mejorar.",2025-03-23,Retail,6
1619,,abc,,400.0,200.0,123,,2619,producto,2025-02-24,,1
1620,6.0,9712.19,226.09,95.0,47.0,web,12.0,2620,No estoy satisfecho con la compra.,2025-10-08,Servicios,6
1621,15.0,4228.9,250.67,119.0,67.0,tienda_fisica,4.0,2621,Excelente atención y variedad de productos.,2025-02-20,Retail,6
1622,13.0,4058.41,424.84,28.0,12.0,móvil,6.0,2622,"Buen producto, la calidad es excelente y llegó rápido.",2025-02-17,Servicios,9
1623,18.0,5031.49,161.55,19.0,49.0,tienda_fisica,14.0,2623,"Muy recomendable, volvería a comprar.",2025-07-05,Electrónica,5
1624,20.0,5510.16,421.27,120.0,54.0,tienda_fisica,15.0,2624,El producto llegó defectuoso.,2025-03-20,Retail,4
1625,999.0,-100,,400.0,200.0,,50.0,2625,,2025-01-14,,0
1626,22.0,8283.87,47.17,91.0,55.0,web,6.0,2626,"Muy recomendable, volvería a comprar.",2025-05-20,Servicios,5
1627,2.0,6727.43,285.05,104.0,60.0,tienda_fisica,8.0,2627,"Muy recomendable, volvería a comprar.",2025-10-25,Ropa,5
1628,999.0,,,,-1.0,movil,50.0,2628,12345,2025-09-26,,1
1629,0.0,,-50.0,,200.0,123,-3.0,2629,12345,2025-06-14,,1
1630,12.0,5123.78,312.09,92.0,50.0,web,3.0,2630,Relación calidad-precio aceptable.,2025-07-27,Ropa,3
1631,18.0,5141.68,217.29,68.0,3.0,web,14.0,2631,Relación calidad-precio aceptable.,2025-03-21,Ropa,3
1632,3.0,1551.83,304.97,88.0,14.0,tienda_fisica,3.0,2632,El producto llegó defectuoso.,2025-02-28,Hogar,4
1633,21.0,8504.76,374.35,71.0,70.0,tienda_fisica,2.0,2633,"Buen producto, la calidad es excelente y llegó rápido.",2025-03-21,Ropa,9
1634,28.0,6573.85,385.96,66.0,18.0,tienda_fisica,14.0,2634,El producto llegó defectuoso.,2025-01-14,Ropa,4
1635,13.0,7166.92,427.91,77.0,5.0,móvil,14.0,2635,El producto llegó defectuoso.,2025-03-02,Electrónica,4
1636,999.0,-100,-50.0,,200.0,123,50.0,2636,,2025-04-29,,0
1637,999.0,-100,-50.0,400.0,,123,-3.0,2637,ok,2025-08-04,???,1
1638,28.0,5209.72,370.21,29.0,25.0,móvil,6.0,2638,El producto llegó defectuoso.,2025-07-01,Ropa,4
1639,8.0,7410.36,387.65,108.0,28.0,web,2.0,2639,"Muy recomendable, volvería a comprar.",2025-06-15,Hogar,5
1640,-5.0,,-50.0,400.0,-1.0,,50.0,2640,12345,2025-09-02,electronica,1
1641,23.0,8230.57,146.44,40.0,48.0,tienda_fisica,9.0,2641,Relación calidad-precio aceptable.,2025-10-03,Servicios,3
1642,,,-50.0,400.0,200.0,,-3.0,2642,,2025-03-20,electronica,0
1643,7.0,4035.93,495.43,15.0,42.0,tienda_fisica,11.0,2643,"Buen producto, la calidad es excelente y llegó rápido.",2025-07-21,Retail,9
1644,24.0,422.87,326.66,113.0,58.0,tienda_fisica,10.0,2644,"El servicio fue regular, podría mejorar.",2025-08-17,Ropa,6
1645,26.0,7790.88,148.16,55.0,66.0,web,5.0,2645,Relación calidad-precio aceptable.,2025-05-15,Servicios,3
1646,1.0,9154.05,495.04,105.0,55.0,móvil,12.0,2646,Relación calidad-precio aceptable.,2025-08-07,Ropa,3
1647,7.0,9379.44,314.31,62.0,28.0,web,13.0,2647,El producto llegó defectuoso.,2025-09-13,Electrónica,4
1648,19.0,9451.79,195.7,91.0,21.0,web,10.0,2648,Entrega rápida y buen empaque.,2025-12-27,Electrónica,5
1649,4.0,5114.99,481.63,100.0,27.0,tienda_fisica,12.0,2649,No estoy satisfecho con la compra.,2025-01-20,Hogar,6
1650,,abc,,400.0,-1.0,,-3.0,2650,producto,2025-04-27,electronica,1
1651,-5.0,abc,,400.0,200.0,,,2651,ok,2025-10-03,???,1
1652,999.0,-100,,,,,,2652,,2025-12-30,???,0
1653,,abc,,400.0,-1.0,WEB,50.0,2653,ok,2025-09-07,,1
1654,-5.0,,-50.0,,-1.0,123,-3.0,2654,12345,2025-03-26,,1
1655,-5.0,abc,,-10.0,-1.0,,,2655,producto,2025-05-21,???,1
1656,27.0,5646.4,353.12,104.0,58.0,móvil,5.0,2656,Relación calidad-precio aceptable.,2025-01-14,Electrónica,3
1657,18.0,4080.43,338.93,31.0,26.0,web,13.0,2657,Excelente atención y variedad de productos.,2025-01-15,Ropa,6
1658,19.0,7273.79,300.87,91.0,24.0,móvil,2.0,2658,"Buen producto, la calidad es excelente y llegó rápido.",2025-10-13,Retail,9
1659,15.0,1274.99,378.2,54.0,53.0,móvil,7.0,2659,"Muy recomendable, volvería a comprar.",2025-02-09,Hogar,5
1660,,-100,-50.0,-10.0,-1.0,movil,-3.0,2660,,2025-12-15,???,0
1661,3.0,9001.46,120.2,57.0,55.0,web,9.0,2661,"Buen producto, la calidad es excelente y llegó rápido.",2025-04-24,Retail,9
1662,4.0,4769.81,237.12,10.0,42.0,móvil,3.0,2662,"Buen producto, la calidad es excelente y llegó rápido.",2025-11-22,Retail,9
1663,,-100,-50.0,-10.0,-1.0,,,2663,ok,2025-02-02,,1
1664,29.0,3106.34,436.91,49.0,7.0,móvil,2.0,2664,El producto llegó defectuoso.,2025-10-09,Retail,4
1665,7.0,711.52,300.59,97.0,46.0,móvil,12.0,2665,El producto llegó defectuoso.,2025-11-26,Servicios,4
1666,19.0,7591.44,326.89,63.0,57.0,tienda_fisica,7.0,2666,Entrega rápida y buen empaque.,2025-05-15,Retail,5
1667,1.0,2202.5,431.99,102.0,71.0,móvil,6.0,2667,"Buen producto, la calidad es excelente y llegó rápido.",2025-01-02,Ropa,9
1668,3.0,7299.64,489.81,107.0,35.0,tienda_fisica,13.0,2668,Entrega rápida y buen empaque.,2025-05-28,Retail,5
1669,16.0,1449.78,276.05,69.0,30.0,móvil,10.0,2669,El producto llegó defectuoso.,2025-01-01,Ropa,4
1670,,,,,200.0,WEB,50.0,2670,,2025-12-23,,0
1671,0.0,-100,,-10.0,-1.0,,,2671,producto,2025-12-23,electronica,1
1672,19.0,8247.8,122.56,18.0,2.0,móvil,5.0,2672,"Muy recomendable, volvería a comprar.",2025-01-08,Ropa,5
1673,16.0,6523.78,223.96,66.0,25.0,móvil,1.0,2673,"Muy recomendable, volvería a comprar.",2025-12-24,Servicios,5
1674,2.0,1044.06,354.42,62.0,32.0,móvil,2.0,2674,"Buen producto, la calidad es excelente y llegó rápido.",2025-06-09,Ropa,9
1675,-5.0,,-50.0,,,,50.0,2675,,2025-07-31,electronica,0
1676,-5.0,abc,,-10.0,-1.0,,50.0,2676,12345,2025-12-10,,1
1677,10.0,1332.3,385.27,108.0,7.0,tienda_fisica,7.0,2677,El producto llegó defectuoso.,2025-11-25,Retail,4
1678,27.0,5802.95,115.0,119.0,10.0,web,6.0,2678,El producto llegó defectuoso.,2025-05-15,Servicios,4
1679,-5.0,-100,-50.0,-10.0,-1.0,WEB,-3.0,2679,12345,2025-09-15,,1
1680,22.0,3298.09,418.85,22.0,37.0,móvil,12.0,2680,"Buen producto, la calidad es excelente y llegó rápido.",2025-02-18,Retail,9
1681,999.0,,-50.0,-10.0,,WEB,-3.0,2681,12345,2025-05-12,,1
1682,-5.0,,,-10.0,-1.0,123,50.0,2682,,2025-09-23,,0
1683,-5.0,-100,,-10.0,200.0,WEB,-3.0,2683,ok,2025-04-05,,1
1684,5.0,6567.4,65.89,85.0,6.0,web,14.0,2684,El producto llegó defectuoso.,2025-02-08,Retail,4
1685,,-100,-50.0,400.0,-1.0,WEB,-3.0,2685,producto,2025-04-27,electronica,1
1686,4.0,7976.24,96.0,94.0,33.0,móvil,6.0,2686,El producto llegó defectuoso.,2025-07-30,Servicios,4
1687,10.0,1897.42,211.87,99.0,39.0,móvil,10.0,2687,No estoy satisfecho con la compra.,2025-08-15,Servicios,6
1688,19.0,5144.39,226.11,35.0,23.0,web,12.0,2688,Relación calidad-precio aceptable.,2025-01-28,Servicios,3
1689,14.0,7516.02,325.6,61.0,32.0,tienda_fisica,5.0,2689,No estoy satisfecho con la compra.,2025-12-05,Retail,6
1690,20.0,4745.38,131.39,52.0,12.0,tienda_fisica,6.0,2690,Excelente atención y variedad de productos.,2025-12-19,Retail,6
1691,,abc,-50.0,,,,,2691,ok,2025-03-22,???,1
1692,20.0,9165.42,219.91,14.0,35.0,web,8.0,2692,"Buen producto, la calidad es excelente y llegó rápido.",2025-07-09,Ropa,9
1693,,,,,,,50.0,2693,,2025-06-12,electronica,0
1694,5.0,7630.8,442.73,74.0,71.0,móvil,15.0,2694,El producto llegó defectuoso.,2025-06-23,Servicios,4
1695,29.0,9112.29,382.39,50.0,64.0,web,15.0,2695,No estoy satisfecho con la compra.,2025-10-31,Retail,6
1696,-5.0,-100,,400.0,200.0,,,2696,12345,2025-04-11,electronica,1
1697,9.0,2164.4,336.49,53.0,71.0,tienda_fisica,6.0,2697,Entrega rápida y buen empaque.,2025-09-14,Servicios,5
1698,14.0,7858.68,208.78,69.0,19.0,web,5.0,2698,"Buen producto, la calidad es excelente y llegó rápido.",2025-10-17,Ropa,9
1699,14.0,1007.01,433.01,87.0,65.0,tienda_fisica,2.0,2699,"El servicio fue regular, podría mejorar.",2025-02-21,Servicios,6
1700,3.0,340.81,31.1,104.0,27.0,tienda_fisica,8.0,2700,"Muy recomendable, volvería a comprar.",2025-03-08,Servicios,5
1701,4.0,2775.0,314.5,105.0,62.0,móvil,9.0,2701,"Buen producto, la calidad es excelente y llegó rápido.",2025-12-31,Servicios,9
1702,0.0,-100,-50.0,-10.0,,WEB,,2702,ok,2025-04-11,???,1
1703,6.0,3266.98,153.43,19.0,22.0,móvil,7.0,2703,El producto llegó defectuoso.,2025-12-26,Hogar,4
1704,-5.0,,-50.0,400.0,200.0,,50.0,2704,,2025-11-19,,0
1705,27.0,5747.94,262.7,86.0,11.0,web,11.0,2705,El producto llegó defectuoso.,2025-02-26,Servicios,4
1706,999.0,-100,,,200.0,,-3.0,2706,ok,2025-07-30,???,1
1707,11.0,2245.7,73.25,14.0,50.0,tienda_fisica,2.0,2707,No estoy satisfecho con la compra.,2025-03-28,Servicios,6
1708,999.0,abc,-50.0,400.0,200.0,123,,2708,,2025-10-27,,0
1709,0.0,,,-10.0,,,50.0,2709,,2025-08-03,,0
1710,18.0,7955.93,155.09,106.0,70.0,tienda_fisica,13.0,2710,Relación calidad-precio aceptable.,2025-12-20,Servicios,3
1711,999.0,abc,-50.0,-10.0,-1.0,,,2711,12345,2025-10-06,,1
1712,-5.0,-100,-50.0,,200.0,,-3.0,2712,ok,2025-01-20,,1
1713,-5.0,,-50.0,400.0,-1.0,123,50.0,2713,12345,2025-11-05,???,1
1714,0.0,,,,200.0,movil,,2714,,2025-03-21,,0
1715,3.0,4283.4,353.77,73.0,13.0,web,8.0,2715,No estoy satisfecho con la compra.,2025-10-30,Retail,6
1716,-5.0,,,-10.0,200.0,123,-3.0,2716,,2025-09-11,???,0
1717,,-100,-50.0,,,WEB,50.0,2717,producto,2025-01-03,,1
1718,-5.0,-100,-50.0,400.0,,123,50.0,2718,ok,2025-06-03,,1
1719,0.0,,,400.0,,,,2719,producto,2025-07-14,,1
1720,-5.0,-100,-50.0,-10.0,200.0,,,2720,producto,2025-06-04,,1
1721,26.0,5797.07,157.41,32.0,20.0,web,2.0,2721,"El servicio fue regular, podría mejorar.",2025-06-28,Hogar,6
1722,-5.0,,-50.0,,-1.0,,,2722,,2025-11-02,,0
1723,3.0,4094.87,141.57,45.0,44.0,tienda_fisica,3.0,2723,El producto llegó defectuoso.,2025-06-15,Servicios,4
1724,-5.0,-100,,,,,50.0,2724,,2025-02-03,electronica,0
1725,17.0,5280.83,456.71,55.0,50.0,móvil,10.0,2725,Relación calidad-precio aceptable.,2025-05-25,Ropa,3
1726,1.0,3723.98,303.61,81.0,44.0,tienda_fisica,7.0,2726,"Buen producto, la calidad es excelente y llegó rápido.",2025-08-20,Servicios,9
1727,,abc,,-10.0,-1.0,,,2727,ok,2025-11-23,,1
1728,13.0,1376.03,333.64,52.0,47.0,móvil,1.0,2728,El producto llegó defectuoso.,2025-05-13,Servicios,4
1729,22.0,476.19,161.15,84.0,36.0,web,2.0,2729,"Buen producto, la calidad es excelente y llegó rápido.",2025-04-24,Hogar,9
1730,,-100,,-10.0,-1.0,,-3.0,2730,,2025-11-23,???,0
1731,22.0,2755.84,486.56,98.0,13.0,móvil,8.0,2731,"Buen producto, la calidad es excelente y llegó rápido.",2025-03-11,Hogar,9
1732,6.0,1962.13,365.66,16.0,45.0,web,14.0,2732,El producto llegó defectuoso.,2025-12-04,Hogar,4
1733,0.0,-100,-50.0,400.0,-1.0,WEB,,2733,producto,2025-01-07,,1
1734,17.0,1966.42,499.96,76.0,39.0,móvil,1.0,2734,Excelente atención y variedad de productos.,2025-01-01,Retail,6
1735,-5.0,-100,,-10.0,200.0,,-3.0,2735,12345,2025-05-07,electronica,1
1736,,,-50.0,-10.0,200.0,,50.0,2736,,2025-10-31,electronica,0
1737,-5.0,abc,,,200.0,,-3.0,2737,ok,2025-11-03,???,1
1738,5.0,9270.01,28.25,10.0,4.0,tienda_fisica,15.0,2738,"Buen producto, la calidad es excelente y llegó rápido.",2025-06-03,Servicios,9
1739,,-100,,-10.0,200.0,movil,-3.0,2739,,2025-12-02,electronica,0
1740,,abc,-50.0,400.0,-1.0,,-3.0,2740,12345,2025-02-13,???,1
1741,1.0,3885.98,382.88,64.0,72.0,tienda_fisica,11.0,2741,No estoy satisfecho con la compra.,2025-12-30,Ropa,6
1742,18.0,5872.57,75.4,19.0,13.0,tienda_fisica,4.0,2742,"Muy recomendable, volvería a comprar.",2025-12-05,Servicios,5
1743,30.0,9181.24,134.98,93.0,52.0,tienda_fisica,10.0,2743,Relación calidad-precio aceptable.,2025-10-22,Hogar,3
1744,999.0,,,400.0,-1.0,movil,50.0,2744,ok,2025-05-23,electronica,1
1745,999.0,abc,-50.0,400.0,,,,2745,producto,2025-03-20,???,1
1746,13.0,713.44,43.27,43.0,54.0,tienda_fisica,8.0,2746,"Buen producto, la calidad es excelente y llegó rápido.",2025-05-04,Hogar,9
1747,-5.0,-100,,,-1.0,movil,,2747,12345,2025-08-01,electronica,1
1748,-5.0,,-50.0,-10.0,,WEB,-3.0,2748,producto,2025-11-22,???,1
1749,999.0,abc,-50.0,400.0,200.0,movil,,2749,12345,2025-06-01,,1
1750,,-100,,400.0,-1.0,,-3.0,2750,,2025-03-14,???,0
1751,17.0,97.44,35.32,11.0,59.0,web,12.0,2751,Relación calidad-precio aceptable.,2025-03-06,Servicios,3
1752,999.0,abc,-50.0,,200.0,movil,,2752,,2025-06-11,electronica,0
1753,6.0,8349.26,290.29,49.0,2.0,tienda_fisica,3.0,2753,El producto llegó defectuoso.,2025-05-23,Electrónica,4
1754,0.0,-100,-50.0,400.0,,,50.0,2754,,2025-11-04,,0
1755,,abc,-50.0,400.0,,WEB,-3.0,2755,,2025-01-24,,0
1756,0.0,abc,-50.0,,-1.0,WEB,-3.0,2756,12345,2025-09-06,???,1
1757,-5.0,,-50.0,,,WEB,50.0,2757,,2025-04-01,,0
1758,29.0,4090.9,309.98,61.0,1.0,móvil,7.0,2758,Excelente atención y variedad de productos.,2025-04-24,Servicios,6
1759,4.0,8398.07,301.46,65.0,6.0,móvil,5.0,2759,No estoy satisfecho con la compra.,2025-09-30,Electrónica,6
1760,5.0,498.58,65.71,75.0,7.0,móvil,2.0,2760,Excelente atención y variedad de productos.,2025-10-23,Electrónica,6
1761,0.0,,,-10.0,200.0,WEB,-3.0,2761,ok,2025-01-02,,1
1762,,,-50.0,,-1.0,,-3.0,2762,producto,2025-06-24,,1
1763,3.0,5165.52,196.86,77.0,40.0,tienda_fisica,1.0,2763,"Muy recomendable, volvería a comprar.",2025-08-19,Retail,5
1764,1.0,2892.26,394.23,94.0,28.0,tienda_fisica,3.0,2764,No estoy satisfecho con la compra.,2025-04-30,Servicios,6
1765,-5.0,,,,,,,2765,12345,2025-05-28,???,1
1766,20.0,2992.3,383.33,26.0,14.0,móvil,15.0,2766,"El servicio fue regular, podría mejorar.",2025-02-11,Electrónica,6
1767,23.0,4308.71,48.04,23.0,61.0,móvil,11.0,2767,El producto llegó defectuoso.,2025-08-03,Hogar,4
1768,-5.0,abc,,,200.0,,-3.0,2768,producto,2025-07-28,,1
1769,5.0,1363.85,53.24,15.0,51.0,tienda_fisica,8.0,2769,"Buen producto, la calidad es excelente y llegó rápido.",2025-11-17,Ropa,9
1770,21.0,8267.76,323.65,27.0,43.0,móvil,4.0,2770,El producto llegó defectuoso.,2025-03-11,Electrónica,4
1771,,abc,-50.0,-10.0,-1.0,,,2771,producto,2025-11-22,,1
1772,14.0,2245.67,259.03,11.0,37.0,móvil,14.0,2772,Entrega rápida y buen empaque.,2025-03-19,Ropa,5
1773,1.0,9392.65,137.52,107.0,44.0,web,13.0,2773,"Buen producto, la calidad es excelente y llegó rápido.",2025-05-06,Electrónica,9
1774,28.0,2470.73,354.7,27.0,19.0,tienda_fisica,5.0,2774,Excelente atención y variedad de productos.,2025-08-12,Ropa,6
1775,0.0,-100,,400.0,200.0,123,,2775,12345,2025-02-22,???,1
1776,14.0,3457.86,54.36,44.0,27.0,tienda_fisica,15.0,2776,"Muy recomendable, volvería a comprar.",2025-09-26,Servicios,5
1777,-5.0,,,-10.0,200.0,,,2777,ok,2025-07-21,,1
1778,,-100,-50.0,,-1.0,,,2778,,2025-06-11,???,0
1779,27.0,3686.04,208.28,120.0,50.0,web,10.0,2779,"Muy recomendable, volvería a comprar.",2025-08-29,Servicios,5
1780,17.0,2970.38,224.41,22.0,36.0,móvil,14.0,2780,"Muy recomendable, volvería a comprar.",2025-10-23,Ropa,5
1781,,,-50.0,,-1.0,movil,,2781,,2025-10-24,,0
1782,999.0,abc,,-10.0,-1.0,123,50.0,2782,ok,2025-01-28,???,1
1783,23.0,4947.29,306.69,30.0,41.0,web,12.0,2783,El producto llegó defectuoso.,2025-01-12,Hogar,4
1784,22.0,8779.49,435.91,10.0,17.0,tienda_fisica,10.0,2784,Relación calidad-precio aceptable.,2025-02-26,Servicios,3
1785,0.0,-100,,,,movil,50.0,2785,,2025-12-20,,0
1786,30.0,3481.64,256.52,73.0,60.0,tienda_fisica,14.0,2786,Relación calidad-precio aceptable.,2025-03-12,Electrónica,3
1787,15.0,291.06,130.49,79.0,68.0,tienda_fisica,3.0,2787,"Buen producto, la calidad es excelente y llegó rápido.",2025-02-17,Retail,9
1788,0.0,,-50.0,400.0,-1.0,123,50.0,2788,,2025-12-24,,0
1789,16.0,4032.0,370.33,2.0,51.0,móvil,4.0,2789,El producto llegó defectuoso.,2025-07-28,Electrónica,4
1790,7.0,93.23,52.33,18.0,20.0,tienda_fisica,1.0,2790,El producto llegó defectuoso.,2025-01-26,Servicios,4
1791,17.0,9185.15,80.72,105.0,33.0,tienda_fisica,13.0,2791,Relación calidad-precio aceptable.,2025-10-06,Ropa,3
1792,999.0,-100,-50.0,400.0,200.0,WEB,50.0,2792,12345,2025-07-27,???,1
1793,13.0,136.83,181.07,87.0,33.0,tienda_fisica,10.0,2793,No estoy satisfecho con la compra.,2025-05-27,Electrónica,6
1794,18.0,9854.45,460.27,36.0,7.0,tienda_fisica,2.0,2794,"Buen producto, la calidad es excelente y llegó rápido.",2025-04-07,Servicios,9
1795,0.0,,-50.0,400.0,-1.0,123,-3.0,2795,,2025-02-25,electronica,0
1796,16.0,3482.56,451.82,92.0,8.0,móvil,9.0,2796,"El servicio fue regular, podría mejorar.",2025-01-25,Hogar,6
1797,,abc,-50.0,-10.0,,123,-3.0,2797,ok,2025-05-20,,1
1798,,-100,-50.0,,-1.0,movil,50.0,2798,12345,2025-11-21,???,1
1799,16.0,3137.43,173.47,65.0,7.0,móvil,4.0,2799,No estoy satisfecho con la compra.,2025-01-22,Ropa,6
1800,17.0,9317.4,203.09,58.0,15.0,web,8.0,2800,El producto llegó defectuoso.,2025-08-19,Electrónica,4
1801,5.0,8891.34,399.35,85.0,14.0,web,7.0,2801,"Buen producto, la calidad es excelente y llegó rápido.",2025-11-07,Electrónica,9
1802,23.0,1073.17,64.84,47.0,67.0,tienda_fisica,15.0,2802,"Muy recomendable, volvería a comprar.",2025-07-19,Servicios,5
1803,3.0,5709.06,245.61,107.0,50.0,tienda_fisica,8.0,2803,"El servicio fue regular, podría mejorar.",2025-07-02,Hogar,6
1804,22.0,2032.1,218.64,61.0,6.0,tienda_fisica,12.0,2804,No estoy satisfecho con la compra.,2025-06-14,Ropa,6
1805,12.0,1936.43,191.14,70.0,9.0,móvil,10.0,2805,No estoy satisfecho con la compra.,2025-06-28,Ropa,6
1806,8.0,3679.22,134.92,32.0,66.0,móvil,3.0,2806,Entrega rápida y buen empaque.,2025-05-25,Servicios,5
1807,999.0,abc,,,200.0,,-3.0,2807,,2025-02-04,,0
1808,14.0,5503.13,310.28,27.0,1.0,tienda_fisica,14.0,2808,El producto llegó defectuoso.,2025-04-14,Retail,4
1809,0.0,,-50.0,,,123,,2809,,2025-10-31,electronica,0
1810,11.0,742.84,198.07,95.0,8.0,tienda_fisica,3.0,2810,Relación calidad-precio aceptable.,2025-06-13,Servicios,3
1811,999.0,-100,-50.0,-10.0,200.0,123,,2811,ok,2025-04-08,electronica,1
1812,5.0,8865.71,424.34,82.0,59.0,web,13.0,2812,"Muy recomendable, volvería a comprar.",2025-04-25,Ropa,5
1813,26.0,4777.4,238.82,96.0,15.0,tienda_fisica,2.0,2813,"Muy recomendable, volvería a comprar.",2025-09-14,Servicios,5
1814,999.0,-100,-50.0,400.0,-1.0,movil,-3.0,2814,12345,2025-08-15,,1
1815,27.0,1458.48,431.62,19.0,25.0,web,5.0,2815,"Buen producto, la calidad es excelente y llegó rápido.",2025-12-12,Electrónica,9
1816,999.0,abc,,,-1.0,WEB,50.0,2816,ok,2025-12-31,,1
1817,4.0,3793.17,360.69,56.0,45.0,web,13.0,2817,"Muy recomendable, volvería a comprar.",2025-07-24,Ropa,5
1818,2.0,6092.19,367.25,49.0,68.0,móvil,14.0,2818,Relación calidad-precio aceptable.,2025-05-01,Hogar,3
1819,,-100,-50.0,,-1.0,movil,50.0,2819,,2025-07-14,,0
1820,20.0,2042.89,353.39,17.0,12.0,móvil,10.0,2820,"Muy recomendable, volvería a comprar.",2025-02-08,Servicios,5
1821,15.0,261.45,352.77,62.0,32.0,web,7.0,2821,"Buen producto, la calidad es excelente y llegó rápido.",2025-01-26,Ropa,9
1822,3.0,9083.34,177.8,96.0,13.0,móvil,1.0,2822,"El servicio fue regular, podría mejorar.",2025-02-05,Hogar,6
1823,1.0,5064.0,84.58,45.0,72.0,web,10.0,2823,"Buen producto, la calidad es excelente y llegó rápido.",2025-04-17,Hogar,9
1824,28.0,5585.24,429.87,29.0,41.0,móvil,5.0,2824,"Muy recomendable, volvería a comprar.",2025-09-17,Retail,5
1825,29.0,938.13,109.71,37.0,52.0,web,8.0,2825,"Muy recomendable, volvería a comprar.",2025-10-19,Retail,5
1826,999.0,abc,,,200.0,movil,-3.0,2826,,2025-03-21,???,0
1827,0.0,abc,,,,WEB,-3.0,2827,12345,2025-09-23,,1
1828,0.0,abc,,400.0,-1.0,,,2828,ok,2025-01-02,electronica,1
1829,999.0,abc,-50.0,-10.0,,,50.0,2829,,2025-07-13,,0
1830,18.0,7668.62,154.31,106.0,19.0,móvil,8.0,2830,"Buen producto, la calidad es excelente y llegó rápido.",2025-02-28,Electrónica,9
1831,29.0,6467.4,368.24,31.0,41.0,tienda_fisica,15.0,2831,"Buen producto, la calidad es excelente y llegó rápido.",2025-08-04,Servicios,9
1832,26.0,177.99,455.4,8.0,5.0,web,10.0,2832,No estoy satisfecho con la compra.,2025-01-27,Hogar,6
1833,3.0,5552.79,270.1,94.0,1.0,tienda_fisica,13.0,2833,No estoy satisfecho con la compra.,2025-06-08,Ropa,6
1834,17.0,6454.79,475.21,43.0,36.0,tienda_fisica,2.0,2834,Excelente atención y variedad de productos.,2025-06-21,Electrónica,6
1835,20.0,7408.97,43.7,34.0,29.0,tienda_fisica,11.0,2835,"Buen producto, la calidad es excelente y llegó rápido.",2025-08-16,Servicios,9
1836,13.0,1745.42,459.77,4.0,66.0,web,13.0,2836,El producto llegó defectuoso.,2025-02-12,Servicios,4
1837,-5.0,,,,200.0,WEB,,2837,producto,2025-08-23,???,1
1838,27.0,8638.48,62.37,45.0,71.0,móvil,4.0,2838,"El servicio fue regular, podría mejorar.",2025-12-12,Servicios,6
1839,16.0,9302.19,310.24,80.0,65.0,web,5.0,2839,El producto llegó defectuoso.,2025-03-13,Electrónica,4
1840,0.0,abc,,400.0,-1.0,123,,2840,ok,2025-07-28,,1
1841,13.0,8132.33,225.03,89.0,13.0,móvil,9.0,2841,"El servicio fue regular, podría mejorar.",2025-09-11,Electrónica,6
1842,14.0,9272.03,227.57,68.0,46.0,web,1.0,2842,No estoy satisfecho con la compra.,2025-02-14,Ropa,6
1843,30.0,4045.11,304.22,24.0,55.0,móvil,7.0,2843,"Muy recomendable, volvería a comprar.",2025-08-11,Servicios,5
1844,19.0,7007.41,113.46,83.0,51.0,tienda_fisica,2.0,2844,"Buen producto, la calidad es excelente y llegó rápido.",2025-07-22,Ropa,9
1845,18.0,9171.93,309.07,115.0,69.0,móvil,10.0,2845,Excelente atención y variedad de productos.,2025-01-01,Servicios,6
1846,26.0,3214.01,277.02,18.0,42.0,tienda_fisica,6.0,2846,No estoy satisfecho con la compra.,2025-11-15,Ropa,6
1847,11.0,9746.59,421.25,49.0,38.0,móvil,1.0,2847,El producto llegó defectuoso.,2025-10-09,Servicios,4
1848,11.0,341.8,54.77,91.0,38.0,tienda_fisica,2.0,2848,"Buen producto, la calidad es excelente y llegó rápido.",2025-08-14,Retail,9
1849,0.0,abc,-50.0,-10.0,200.0,,,2849,12345,2025-07-22,electronica,1
1850,3.0,6500.46,423.93,40.0,68.0,web,7.0,2850,"Muy recomendable, volvería a comprar.",2025-01-21,Ropa,5
1851,0.0,,,400.0,200.0,movil,50.0,2851,,2025-04-03,,0
1852,12.0,6412.55,496.36,81.0,30.0,móvil,11.0,2852,"Muy recomendable, volvería a comprar.",2025-01-09,Ropa,5
1853,4.0,1061.67,441.05,44.0,2.0,tienda_fisica,2.0,2853,"Buen producto, la calidad es excelente y llegó rápido.",2025-11-26,Servicios,9
1854,9.0,1750.61,382.03,3.0,52.0,tienda_fisica,11.0,2854,"Muy recomendable, volvería a comprar.",2025-11-26,Electrónica,5
1855,8.0,8517.27,215.88,27.0,16.0,web,11.0,2855,Excelente atención y variedad de productos.,2025-10-15,Servicios,6
1856,999.0,abc,-50.0,-10.0,-1.0,WEB,,2856,,2025-03-30,,0
1857,9.0,7032.4,295.62,47.0,31.0,tienda_fisica,8.0,2857,Excelente atención y variedad de productos.,2025-11-22,Hogar,6
1858,-5.0,abc,,,,,50.0,2858,12345,2025-11-02,electronica,1
1859,2.0,7217.59,280.52,64.0,27.0,móvil,6.0,2859,Relación calidad-precio aceptable.,2025-11-27,Hogar,3
1860,,abc,-50.0,,,movil,50.0,2860,ok,2025-08-08,,1
1861,30.0,8746.28,115.34,96.0,35.0,tienda_fisica,9.0,2861,Entrega rápida y buen empaque.,2025-04-12,Hogar,5
1862,21.0,5492.97,225.9,21.0,54.0,tienda_fisica,14.0,2862,Entrega rápida y buen empaque.,2025-09-11,Servicios,5
1863,,-100,-50.0,-10.0,200.0,,,2863,producto,2025-08-31,electronica,1
1864,8.0,1632.73,444.23,53.0,72.0,móvil,4.0,2864,Relación calidad-precio aceptable.,2025-12-03,Electrónica,3
1865,28.0,9755.2,226.7,77.0,44.0,móvil,14.0,2865,No estoy satisfecho con la compra.,2025-10-02,Retail,6
1866,-5.0,,-50.0,400.0,-1.0,,50.0,2866,ok,2025-05-18,electronica,1
1867,15.0,2010.88,102.66,98.0,26.0,web,10.0,2867,"Buen producto, la calidad es excelente y llegó rápido.",2025-01-24,Electrónica,9
1868,30.0,1461.69,486.61,41.0,35.0,móvil,11.0,2868,"Muy recomendable, volvería a comprar.",2025-06-26,Servicios,5
1869,18.0,9257.49,50.45,18.0,43.0,tienda_fisica,9.0,2869,No estoy satisfecho con la compra.,2025-06-29,Electrónica,6
1870,,,-50.0,400.0,-1.0,,50.0,2870,,2025-02-18,,0
1871,0.0,,,400.0,200.0,movil,50.0,2871,,2025-12-17,,0
1872,,-100,-50.0,400.0,200.0,WEB,-3.0,2872,producto,2025-02-27,???,1
1873,0.0,,,-10.0,,movil,,2873,ok,2025-03-18,,1
1874,26.0,6694.99,73.28,7.0,68.0,tienda_fisica,6.0,2874,Excelente atención y variedad de productos.,2025-09-11,Hogar,6
1875,,,-50.0,,200.0,WEB,,2875,ok,2025-01-21,electronica,1
1876,11.0,982.98,248.79,116.0,39.0,tienda_fisica,6.0,2876,No estoy satisfecho con la compra.,2025-07-03,Electrónica,6
1877,999.0,-100,,-10.0,200.0,WEB,-3.0,2877,,2025-08-01,???,0
1878,13.0,999.91,424.85,109.0,12.0,web,11.0,2878,Relación calidad-precio aceptable.,2025-06-12,Hogar,3
1879,25.0,4282.75,443.83,23.0,55.0,móvil,1.0,2879,Excelente atención y variedad de productos.,2025-09-21,Hogar,6
1880,0.0,-100,-50.0,,200.0,,-3.0,2880,12345,2025-02-12,???,1
1881,26.0,8448.62,463.01,77.0,44.0,móvil,2.0,2881,"Buen producto, la calidad es excelente y llegó rápido.",2025-08-12,Servicios,9
1882,2.0,7137.16,366.13,106.0,70.0,web,3.0,2882,Entrega rápida y buen empaque.,2025-03-06,Retail,5
1883,8.0,6783.15,67.98,23.0,28.0,tienda_fisica,5.0,2883,"Muy recomendable, volvería a comprar.",2025-04-28,Hogar,5
1884,10.0,5045.71,428.1,12.0,38.0,tienda_fisica,11.0,2884,"Buen producto, la calidad es excelente y llegó rápido.",2025-03-19,Ropa,9
1885,,,-50.0,400.0,-1.0,movil,50.0,2885,12345,2025-03-31,,1
1886,9.0,1368.52,193.67,48.0,57.0,web,7.0,2886,No estoy satisfecho con la compra.,2025-08-27,Electrónica,6
1887,,,-50.0,400.0,,123,50.0,2887,,2025-05-13,,0
1888,0.0,,,-10.0,-1.0,,-3.0,2888,ok,2025-12-18,,1
1889,16.0,1231.09,328.41,42.0,3.0,web,7.0,2889,"Muy recomendable, volvería a comprar.",2025-03-17,Ropa,5
1890,13.0,9037.34,480.77,104.0,9.0,web,15.0,2890,Excelente atención y variedad de productos.,2025-08-20,Hogar,6
1891,0.0,abc,-50.0,400.0,-1.0,WEB,50.0,2891,12345,2025-09-15,,1
1892,4.0,5957.35,138.17,73.0,10.0,tienda_fisica,13.0,2892,Excelente atención y variedad de productos.,2025-06-14,Servicios,6
1893,25.0,4866.26,390.98,46.0,18.0,tienda_fisica,10.0,2893,El producto llegó defectuoso.,2025-09-21,Hogar,4
1894,21.0,2955.57,428.21,95.0,11.0,móvil,6.0,2894,"Muy recomendable, volvería a comprar.",2025-04-11,Electrónica,5
1895,-5.0,-100,-50.0,-10.0,200.0,movil,,2895,,2025-09-24,electronica,0
1896,,abc,,-10.0,-1.0,,50.0,2896,,2025-06-11,,0
1897,8.0,6503.31,42.81,2.0,27.0,móvil,5.0,2897,"Buen producto, la calidad es excelente y llegó rápido.",2025-07-28,Hogar,9
1898,21.0,734.63,361.27,19.0,31.0,móvil,13.0,2898,Relación calidad-precio aceptable.,2025-08-06,Retail,3
1899,29.0,2473.69,283.74,17.0,58.0,web,3.0,2899,"El servicio fue regular, podría mejorar.",2025-02-06,Electrónica,6
1900,0.0,,,-10.0,-1.0,movil,50.0,2900,,2025-06-08,,0
1901,0.0,,-50.0,-10.0,-1.0,,50.0,2901,,2025-04-11,,0
1902,24.0,7808.36,217.32,54.0,2.0,web,4.0,2902,"El servicio fue regular, podría mejorar.",2025-10-03,Hogar,6
1903,8.0,7395.88,308.11,60.0,66.0,tienda_fisica,10.0,2903,"Muy recomendable, volvería a comprar.",2025-12-28,Electrónica,5
1904,0.0,-100,-50.0,-10.0,,,-3.0,2904,12345,2025-02-11,???,1
1905,-5.0,,-50.0,,-1.0,,,2905,12345,2025-10-15,,1
1906,4.0,1844.02,240.21,68.0,48.0,web,2.0,2906,Entrega rápida y buen empaque.,2025-02-26,Ropa,5
1907,26.0,6443.69,193.67,120.0,47.0,tienda_fisica,7.0,2907,Relación calidad-precio aceptable.,2025-11-07,Electrónica,3
1908,11.0,3925.38,75.14,24.0,59.0,tienda_fisica,7.0,2908,Entrega rápida y buen empaque.,2025-09-13,Hogar,5
1909,999.0,-100,,-10.0,200.0,,,2909,,2025-07-25,???,0
1910,0.0,-100,,,,,-3.0,2910,12345,2025-08-23,???,1
1911,-5.0,-100,-50.0,-10.0,200.0,123,50.0,2911,ok,2025-05-28,???,1
1912,26.0,3940.27,203.01,64.0,55.0,web,4.0,2912,Relación calidad-precio aceptable.,2025-04-22,Retail,3
1913,999.0,-100,,-10.0,200.0,,50.0,2913,12345,2025-02-22,,1
1914,4.0,6029.61,495.37,95.0,54.0,móvil,4.0,2914,No estoy satisfecho con la compra.,2025-08-01,Ropa,6
1915,,,,400.0,200.0,,,2915,12345,2025-01-12,electronica,1
1916,-5.0,,-50.0,,200.0,123,50.0,2916,,2025-11-25,,0
1917,0.0,abc,-50.0,400.0,200.0,WEB,-3.0,2917,ok,2025-12-05,,1
1918,11.0,6003.19,154.48,6.0,34.0,móvil,1.0,2918,El producto llegó defectuoso.,2025-07-13,Electrónica,4
1919,3.0,5455.0,101.76,66.0,21.0,tienda_fisica,5.0,2919,"El servicio fue regular, podría mejorar.",2025-09-03,Servicios,6
1920,-5.0,,,400.0,-1.0,WEB,,2920,,2025-06-21,,0
1921,27.0,5786.68,449.31,75.0,58.0,tienda_fisica,10.0,2921,Relación calidad-precio aceptable.,2025-11-04,Ropa,3
1922,999.0,-100,-50.0,,200.0,WEB,,2922,,2025-06-21,,0
1923,18.0,6217.12,338.2,115.0,2.0,móvil,7.0,2923,"El servicio fue regular, podría mejorar.",2025-02-09,Ropa,6
1924,28.0,2470.38,496.71,26.0,13.0,tienda_fisica,3.0,2924,El producto llegó defectuoso.,2025-11-02,Retail,4
1925,27.0,1821.18,436.03,54.0,14.0,móvil,7.0,2925,"Muy recomendable, volvería a comprar.",2025-11-02,Retail,5
1926,-5.0,-100,-50.0,400.0,200.0,,50.0,2926,12345,2025-10-30,,1
1927,17.0,9781.4,100.01,7.0,15.0,tienda_fisica,13.0,2927,El producto llegó defectuoso.,2025-04-17,Electrónica,4
1928,14.0,9911.53,187.07,102.0,22.0,web,2.0,2928,"El servicio fue regular, podría mejorar.",2025-07-19,Hogar,6
1929,0.0,-100,,400.0,200.0,WEB,,2929,,2025-05-18,???,0
1930,8.0,4788.41,98.4,46.0,38.0,web,6.0,2930,"Buen producto, la calidad es excelente y llegó rápido.",2025-09-22,Retail,9
1931,23.0,4239.92,484.49,112.0,31.0,tienda_fisica,11.0,2931,Entrega rápida y buen empaque.,2025-11-03,Servicios,5
1932,16.0,8513.58,499.61,28.0,20.0,tienda_fisica,3.0,2932,Excelente atención y variedad de productos.,2025-06-14,Electrónica,6
1933,26.0,2759.67,420.14,90.0,24.0,móvil,6.0,2933,"Muy recomendable, volvería a comprar.",2025-10-13,Electrónica,5
1934,28.0,4238.67,106.16,120.0,14.0,web,14.0,2934,"Muy recomendable, volvería a comprar.",2025-12-27,Retail,5
1935,26.0,421.36,354.18,51.0,30.0,tienda_fisica,10.0,2935,El producto llegó defectuoso.,2025-11-03,Servicios,4
1936,,,-50.0,-10.0,,movil,,2936,,2025-04-22,,0
1937,29.0,7729.53,245.74,52.0,67.0,tienda_fisica,11.0,2937,"Buen producto, la calidad es excelente y llegó rápido.",2025-06-22,Servicios,9
1938,23.0,6632.94,193.93,101.0,69.0,tienda_fisica,8.0,2938,El producto llegó defectuoso.,2025-03-11,Electrónica,4
1939,23.0,1120.73,252.06,100.0,25.0,tienda_fisica,6.0,2939,Excelente atención y variedad de productos.,2025-11-30,Electrónica,6
1940,17.0,690.5,441.13,28.0,61.0,web,4.0,2940,El producto llegó defectuoso.,2025-08-08,Hogar,4
1941,16.0,6585.78,359.17,2.0,24.0,móvil,5.0,2941,"El servicio fue regular, podría mejorar.",2025-03-09,Servicios,6
1942,4.0,6899.04,272.1,102.0,30.0,tienda_fisica,13.0,2942,Relación calidad-precio aceptable.,2025-02-01,Servicios,3
1943,14.0,3161.08,452.86,13.0,70.0,web,2.0,2943,No estoy satisfecho con la compra.,2025-11-29,Servicios,6
1944,10.0,7619.75,285.32,110.0,35.0,móvil,3.0,2944,Excelente atención y variedad de productos.,2025-12-09,Retail,6
1945,8.0,8094.67,381.89,1.0,40.0,web,8.0,2945,Relación calidad-precio aceptable.,2025-07-30,Servicios,3
1946,22.0,698.0,181.45,36.0,2.0,web,10.0,2946,El producto llegó defectuoso.,2025-10-22,Electrónica,4
1947,0.0,abc,-50.0,-10.0,,movil,-3.0,2947,ok,2025-06-13,???,1
1948,-5.0,abc,-50.0,400.0,-1.0,WEB,,2948,ok,2025-02-08,electronica,1
1949,11.0,3864.14,315.92,24.0,23.0,web,1.0,2949,No estoy satisfecho con la compra.,2025-11-21,Electrónica,6
1950,23.0,3846.97,299.88,120.0,55.0,web,10.0,2950,El producto llegó defectuoso.,2025-03-30,Hogar,4
1951,8.0,5395.73,64.77,33.0,12.0,tienda_fisica,14.0,2951,No estoy satisfecho con la compra.,2025-02-03,Retail,6
1952,27.0,6230.06,130.64,102.0,40.0,tienda_fisica,3.0,2952,"Buen producto, la calidad es excelente y llegó rápido.",2025-05-24,Servicios,9
1953,13.0,4275.17,105.28,96.0,25.0,web,5.0,2953,"Buen producto, la calidad es excelente y llegó rápido.",2025-07-29,Retail,9
1954,,-100,,,-1.0,movil,50.0,2954,,2025-09-27,,0
1955,17.0,4374.84,408.02,104.0,37.0,tienda_fisica,3.0,2955,"Buen producto, la calidad es excelente y llegó rápido.",2025-05-26,Retail,9
1956,0.0,abc,,,-1.0,123,,2956,12345,2025-05-18,,1
1957,,abc,,,200.0,,-3.0,2957,,2025-05-08,electronica,0
1958,11.0,2134.82,308.45,108.0,61.0,tienda_fisica,7.0,2958,Relación calidad-precio aceptable.,2025-06-18,Hogar,3
1959,0.0,-100,-50.0,400.0,200.0,,,2959,producto,2025-05-21,,1
1960,,,,400.0,,123,50.0,2960,,2025-08-11,???,0
1961,15.0,213.19,356.38,59.0,3.0,tienda_fisica,14.0,2961,Relación calidad-precio aceptable.,2025-08-10,Ropa,3
1962,30.0,866.25,32.63,98.0,28.0,web,13.0,2962,"Muy recomendable, volvería a comprar.",2025-09-26,Retail,5
1963,999.0,,,,,,50.0,2963,ok,2025-06-16,,1
1964,999.0,-100,-50.0,,,movil,50.0,2964,producto,2025-05-30,,1
1965,0.0,,,400.0,200.0,WEB,,2965,ok,2025-01-10,,1
1966,21.0,3384.48,216.3,110.0,30.0,móvil,8.0,2966,"Buen producto, la calidad es excelente y llegó rápido.",2025-06-25,Retail,9
1967,999.0,-100,,400.0,200.0,WEB,50.0,2967,,2025-03-27,electronica,0
1968,2.0,8452.62,178.61,111.0,31.0,móvil,9.0,2968,Relación calidad-precio aceptable.,2025-06-15,Electrónica,3
1969,25.0,3795.1,418.84,66.0,10.0,móvil,11.0,2969,Excelente atención y variedad de productos.,2025-07-30,Hogar,6
1970,19.0,2482.71,379.35,111.0,72.0,web,14.0,2970,Relación calidad-precio aceptable.,2025-01-27,Ropa,3
1971,8.0,238.51,423.15,3.0,11.0,web,14.0,2971,Entrega rápida y buen empaque.,2025-03-14,Retail,5
1972,3.0,9670.04,312.99,27.0,1.0,tienda_fisica,13.0,2972,Entrega rápida y buen empaque.,2025-05-31,Hogar,5
1973,30.0,8688.86,359.89,59.0,45.0,tienda_fisica,9.0,2973,Excelente atención y variedad de productos.,2025-07-12,Retail,6
1974,11.0,4178.79,44.77,25.0,55.0,web,4.0,2974,El producto llegó defectuoso.,2025-05-10,Servicios,4
1975,,,,400.0,200.0,movil,50.0,2975,producto,2025-05-06,,1
1976,0.0,-100,,,200.0,123,,2976,,2025-02-15,,0
1977,29.0,2237.42,79.54,58.0,39.0,tienda_fisica,5.0,2977,"Muy recomendable, volvería a comprar.",2025-07-02,Electrónica,5
1978,29.0,1402.25,137.6,51.0,57.0,móvil,9.0,2978,El producto llegó defectuoso.,2025-06-10,Servicios,4
1979,27.0,4984.18,396.11,99.0,48.0,tienda_fisica,10.0,2979,"Muy recomendable, volvería a comprar.",2025-05-20,Ropa,5
1980,27.0,5049.23,180.46,76.0,46.0,tienda_fisica,14.0,2980,Relación calidad-precio aceptable.,2025-04-08,Servicios,3
1981,25.0,7850.88,248.58,60.0,54.0,móvil,9.0,2981,"Buen producto, la calidad es excelente y llegó rápido.",2025-09-01,Retail,9
1982,999.0,,,,-1.0,movil,,2982,,2025-11-02,,0
1983,3.0,3205.05,246.17,27.0,27.0,web,1.0,2983,"El servicio fue regular, podría mejorar.",2025-11-15,Retail,6
1984,24.0,383.3,216.34,51.0,46.0,web,12.0,2984,Relación calidad-precio aceptable.,2025-09-17,Electrónica,3
1985,0.0,abc,,400.0,200.0,movil,,2985,ok,2025-07-07,electronica,1
1986,999.0,,-50.0,400.0,200.0,WEB,50.0,2986,,2025-01-07,,0
1987,1.0,8561.9,293.9,11.0,9.0,web,1.0,2987,"Muy recomendable, volvería a comprar.",2025-05-06,Retail,5
1988,3.0,832.71,350.93,77.0,65.0,tienda_fisica,10.0,2988,El producto llegó defectuoso.,2025-10-30,Retail,4
1989,18.0,1062.93,445.63,65.0,28.0,móvil,12.0,2989,"El servicio fue regular, podría mejorar.",2025-08-18,Electrónica,6
1990,3.0,3153.99,167.08,58.0,55.0,móvil,15.0,2990,El producto llegó defectuoso.,2025-02-17,Hogar,4
1991,22.0,50.6,365.86,94.0,53.0,tienda_fisica,7.0,2991,"Muy recomendable, volvería a comprar.",2025-12-10,Hogar,5
1992,23.0,6160.4,375.38,92.0,18.0,móvil,6.0,2992,Excelente atención y variedad de productos.,2025-07-26,Ropa,6
1993,-5.0,,-50.0,400.0,-1.0,123,50.0,2993,,2025-04-29,electronica,0
1994,999.0,,-50.0,,,WEB,,2994,12345,2025-12-15,,1
1995,0.0,-100,,-10.0,,123,-3.0,2995,,2025-04-21,???,0
1996,2.0,3117.85,167.61,112.0,32.0,tienda_fisica,4.0,2996,El producto llegó defectuoso.,2025-10-10,Hogar,4
1997,24.0,7419.46,183.0,34.0,59.0,web,5.0,2997,"Muy recomendable, volvería a comprar.",2025-06-04,Retail,5
1998,20.0,2661.43,69.49,120.0,22.0,web,15.0,2998,Entrega rápida y buen empaque.,2025-04-26,Servicios,5
1999,3.0,5395.84,378.91,90.0,53.0,móvil,7.0,2999,Entrega rápida y buen empaque.,2025-06-08,Servicios,5
2000,4.0,2077.68,485.3,118.0,47.0,móvil,2.0,3000,Relación calidad-precio aceptable.,2025-09-16,Hogar,3
2001,17.0,3770.19,148.42,54.0,41.0,web,9.0,3001,Entrega rápida y buen empaque.,2025-02-10,Servicios,5
2002,-5.0,,,,200.0,123,50.0,3002,,2025-01-30,electronica,0
2003,30.0,1749.55,499.02,49.0,43.0,tienda_fisica,6.0,3003,"El servicio fue regular, podría mejorar.",2025-09-23,Retail,6
2004,12.0,7591.09,105.35,69.0,27.0,web,14.0,3004,"Muy recomendable, volvería a comprar.",2025-02-19,Hogar,5
2005,18.0,8920.71,387.41,94.0,8.0,móvil,4.0,3005,"El servicio fue regular, podría mejorar.",2025-09-30,Ropa,6
2006,,-100,-50.0,,-1.0,movil,-3.0,3006,,2025-12-19,???,0
2007,24.0,8419.78,489.48,109.0,7.0,móvil,14.0,3007,"Muy recomendable, volvería a comprar.",2025-10-28,Ropa,5
2008,17.0,3178.23,246.65,25.0,38.0,web,2.0,3008,"El servicio fue regular, podría mejorar.",2025-02-14,Servicios,6
2009,0.0,-100,,400.0,,,,3009,,2025-04-11,,0
2010,2.0,1938.6,408.06,38.0,2.0,web,8.0,3010,No estoy satisfecho con la compra.,2025-08-14,Retail,6
2011,20.0,9998.17,375.39,47.0,71.0,tienda_fisica,5.0,3011,"Buen producto, la calidad es excelente y llegó rápido.",2025-12-06,Electrónica,9
2012,24.0,8402.13,227.44,96.0,40.0,móvil,6.0,3012,El producto llegó defectuoso.,2025-06-05,Hogar,4
2013,-5.0,-100,,400.0,200.0,123,,3013,producto,2025-06-24,,1
2014,-5.0,-100,,-10.0,200.0,,50.0,3014,,2025-07-15,electronica,0
2015,1.0,635.79,381.8,108.0,68.0,móvil,11.0,3015,"El servicio fue regular, podría mejorar.",2025-03-09,Ropa,6
2016,999.0,abc,-50.0,,200.0,movil,-3.0,3016,,2025-03-19,,0
2017,30.0,6398.46,101.84,101.0,49.0,tienda_fisica,14.0,3017,Entrega rápida y buen empaque.,2025-11-13,Hogar,5
2018,17.0,1975.85,150.08,74.0,12.0,móvil,12.0,3018,"Buen producto, la calidad es excelente y llegó rápido.",2025-01-02,Servicios,9
2019,,,-50.0,-10.0,200.0,123,50.0,3019,,2025-08-22,,0
2020,-5.0,-100,,,200.0,WEB,,3020,,2025-11-12,,0
2021,18.0,4657.65,78.61,79.0,45.0,web,2.0,3021,No estoy satisfecho con la compra.,2025-06-01,Retail,6
2022,-5.0,abc,-50.0,400.0,200.0,,,3022,producto,2025-01-09,electronica,1
2023,6.0,7923.38,419.24,34.0,2.0,web,7.0,3023,"Buen producto, la calidad es excelente y llegó rápido.",2025-07-03,Retail,9
2024,26.0,4021.44,490.27,44.0,6.0,móvil,12.0,3024,"Muy recomendable, volvería a comprar.",2025-10-24,Retail,5
2025,999.0,abc,,-10.0,-1.0,,-3.0,3025,12345,2025-07-19,electronica,1
2026,0.0,abc,,400.0,200.0,movil,50.0,3026,,2025-08-15,???,0
2027,23.0,9826.23,488.79,80.0,31.0,móvil,2.0,3027,El producto llegó defectuoso.,2025-04-16,Retail,4
2028,29.0,9278.41,424.81,3.0,12.0,web,2.0,3028,Excelente atención y variedad de productos.,2025-04-10,Hogar,6
2029,27.0,5911.76,339.4,58.0,11.0,web,13.0,3029,"Muy recomendable, volvería a comprar.",2025-10-23,Retail,5
2030,7.0,3326.25,384.77,94.0,33.0,web,14.0,3030,"Buen producto, la calidad es excelente y llegó rápido.",2025-09-24,Ropa,9
2031,23.0,5716.9,167.86,76.0,16.0,móvil,5.0,3031,Excelente atención y variedad de productos.,2025-08-24,Servicios,6
2032,8.0,3110.87,81.51,31.0,46.0,tienda_fisica,15.0,3032,Entrega rápida y buen empaque.,2025-02-17,Electrónica,5
2033,21.0,610.14,290.91,94.0,29.0,móvil,3.0,3033,No estoy satisfecho con la compra.,2025-12-03,Hogar,6
2034,28.0,5129.8,268.19,105.0,68.0,móvil,12.0,3034,Relación calidad-precio aceptable.,2025-07-31,Electrónica,3
2035,19.0,8914.64,196.43,85.0,69.0,móvil,11.0,3035,Excelente atención y variedad de productos.,2025-04-06,Hogar,6
2036,23.0,5388.39,20.77,98.0,15.0,web,9.0,3036,Excelente atención y variedad de productos.,2025-04-22,Ropa,6
2037,999.0,abc,,,200.0,movil,50.0,3037,,2025-06-02,,0
2038,21.0,4977.33,28.87,52.0,36.0,móvil,6.0,3038,El producto llegó defectuoso.,2025-10-10,Hogar,4
2039,,abc,,,-1.0,movil,-3.0,3039,producto,2025-04-29,electronica,1
2040,11.0,8977.37,348.17,91.0,43.0,web,10.0,3040,"Muy recomendable, volvería a comprar.",2025-11-18,Electrónica,5
2041,999.0,,-50.0,400.0,-1.0,123,50.0,3041,ok,2025-11-22,???,1
2042,999.0,,,-10.0,200.0,123,50.0,3042,,2025-03-02,???,0
2043,9.0,3379.72,148.75,53.0,46.0,tienda_fisica,13.0,3043,El producto llegó defectuoso.,2025-06-12,Hogar,4
2044,-5.0,abc,,,200.0,movil,50.0,3044,ok,2025-08-07,???,1
2045,0.0,,-50.0,-10.0,-1.0,,,3045,producto,2025-04-09,,1
2046,21.0,6411.05,102.82,36.0,19.0,web,3.0,3046,"Muy recomendable, volvería a comprar.",2025-09-26,Retail,5
2047,0.0,,,,200.0,123,-3.0,3047,ok,2025-10-18,,1
2048,3.0,8054.42,439.64,5.0,36.0,móvil,1.0,3048,"Buen producto, la calidad es excelente y llegó rápido.",2025-04-15,Hogar,9
2049,,-100,,400.0,-1.0,movil,,3049,,2025-09-27,,0
2050,30.0,3491.91,145.38,54.0,3.0,tienda_fisica,6.0,3050,"El servicio fue regular, podría mejorar.",2025-05-06,Hogar,6
2051,16.0,8565.13,467.07,106.0,52.0,móvil,11.0,3051,El producto llegó defectuoso.,2025-12-25,Electrónica,4
2052,0.0,,,400.0,200.0,WEB,-3.0,3052,ok,2025-02-24,,1
2053,14.0,4472.25,320.74,88.0,20.0,web,13.0,3053,Entrega rápida y buen empaque.,2025-09-14,Ropa,5
2054,29.0,8818.35,191.56,42.0,28.0,web,9.0,3054,"El servicio fue regular, podría mejorar.",2025-05-06,Servicios,6
2055,11.0,8753.78,283.53,12.0,21.0,tienda_fisica,7.0,3055,"Muy recomendable, volvería a comprar.",2025-04-04,Hogar,5
2056,13.0,4803.04,265.76,37.0,51.0,web,1.0,3056,Entrega rápida y buen empaque.,2025-08-17,Ropa,5
2057,3.0,6679.72,448.98,90.0,13.0,web,10.0,3057,Entrega rápida y buen empaque.,2025-09-16,Hogar,5
2058,-5.0,-100,,,-1.0,,,3058,ok,2025-11-06,electronica,1
2059,14.0,9180.65,317.56,23.0,67.0,móvil,13.0,3059,"El servicio fue regular, podría mejorar.",2025-12-11,Servicios,6
2060,9.0,4427.75,228.5,49.0,41.0,tienda_fisica,10.0,3060,"Muy recomendable, volvería a comprar.",2025-01-19,Retail,5
2061,24.0,6146.93,331.35,91.0,27.0,móvil,11.0,3061,Relación calidad-precio aceptable.,2025-06-06,Retail,3
2062,-5.0,,,400.0,-1.0,,-3.0,3062,12345,2025-01-02,???,1
2063,16.0,4078.91,475.74,31.0,39.0,móvil,14.0,3063,"Buen producto, la calidad es excelente y llegó rápido.",2025-02-27,Ropa,9
2064,-5.0,-100,-50.0,-10.0,-1.0,movil,,3064,12345,2025-11-26,???,1
2065,,-100,-50.0,400.0,,,50.0,3065,ok,2025-10-02,,1
2066,15.0,9621.15,181.65,33.0,14.0,web,4.0,3066,Entrega rápida y buen empaque.,2025-06-25,Retail,5
2067,999.0,abc,,400.0,,,,3067,,2025-04-20,electronica,0
2068,28.0,1488.45,196.02,48.0,45.0,móvil,9.0,3068,No estoy satisfecho con la compra.,2025-01-10,Servicios,6
2069,16.0,7481.03,164.68,63.0,47.0,tienda_fisica,15.0,3069,Entrega rápida y buen empaque.,2025-09-14,Ropa,5
2070,0.0,abc,,400.0,200.0,,-3.0,3070,,2025-04-10,???,0
2071,15.0,68.72,28.76,14.0,33.0,web,7.0,3071,Relación calidad-precio aceptable.,2025-10-31,Servicios,3
2072,24.0,9791.77,341.33,63.0,32.0,móvil,5.0,3072,Relación calidad-precio aceptable.,2025-03-05,Electrónica,3
2073,2.0,5206.11,124.04,37.0,48.0,tienda_fisica,12.0,3073,Entrega rápida y buen empaque.,2025-07-26,Retail,5
2074,999.0,-100,-50.0,-10.0,,,,3074,,2025-11-12,,0
2075,15.0,7509.56,471.26,59.0,35.0,tienda_fisica,10.0,3075,"El servicio fue regular, podría mejorar.",2025-01-18,Electrónica,6
2076,17.0,3160.38,346.35,51.0,20.0,móvil,2.0,3076,Excelente atención y variedad de productos.,2025-07-06,Ropa,6
2077,15.0,4047.95,139.99,26.0,55.0,web,8.0,3077,El producto llegó defectuoso.,2025-05-03,Ropa,4
2078,2.0,4916.05,238.14,18.0,69.0,tienda_fisica,9.0,3078,El producto llegó defectuoso.,2025-04-20,Retail,4
2079,,-100,-50.0,400.0,-1.0,,-3.0,3079,,2025-05-20,,0
2080,0.0,,,400.0,-1.0,123,,3080,ok,2025-07-27,???,1
2081,23.0,7730.31,292.53,57.0,9.0,web,12.0,3081,"Muy recomendable, volvería a comprar.",2025-05-18,Retail,5
2082,22.0,562.92,239.01,93.0,30.0,web,13.0,3082,"Buen producto, la calidad es excelente y llegó rápido.",2025-07-06,Servicios,9
2083,13.0,8252.4,266.56,109.0,44.0,móvil,3.0,3083,Excelente atención y variedad de productos.,2025-12-09,Retail,6
2084,23.0,7795.12,52.79,114.0,65.0,tienda_fisica,14.0,3084,Relación calidad-precio aceptable.,2025-09-25,Hogar,3
2085,26.0,1306.25,81.64,26.0,22.0,tienda_fisica,2.0,3085,"El servicio fue regular, podría mejorar.",2025-05-16,Electrónica,6
2086,26.0,3807.23,463.17,75.0,63.0,web,13.0,3086,Excelente atención y variedad de productos.,2025-11-25,Retail,6
2087,13.0,9768.62,384.21,58.0,34.0,web,11.0,3087,Relación calidad-precio aceptable.,2025-11-19,Retail,3
2088,,abc,,,,movil,-3.0,3088,,2025-02-26,,0
2089,3.0,2177.6,462.26,25.0,66.0,tienda_fisica,1.0,3089,Entrega rápida y buen empaque.,2025-12-18,Ropa,5
2090,-5.0,abc,-50.0,,200.0,,,3090,producto,2025-09-20,,1
2091,-5.0,,,400.0,-1.0,,-3.0,3091,12345,2025-01-15,electronica,1
2092,7.0,2467.19,148.14,8.0,13.0,móvil,2.0,3092,No estoy satisfecho con la compra.,2025-04-05,Ropa,6
2093,1.0,1996.17,263.92,113.0,51.0,tienda_fisica,15.0,3093,El producto llegó defectuoso.,2025-05-30,Servicios,4
2094,14.0,6630.93,251.92,14.0,70.0,móvil,4.0,3094,"Buen producto, la calidad es excelente y llegó rápido.",2025-08-27,Electrónica,9
2095,1.0,4857.67,334.02,89.0,9.0,tienda_fisica,11.0,3095,Entrega rápida y buen empaque.,2025-08-02,Ropa,5
2096,-5.0,,,400.0,-1.0,,50.0,3096,,2025-06-03,???,0
2097,0.0,abc,-50.0,,,,50.0,3097,,2025-06-18,,0
2098,15.0,3020.18,302.63,11.0,52.0,móvil,1.0,3098,El producto llegó defectuoso.,2025-06-15,Ropa,4
2099,13.0,7857.04,140.08,103.0,5.0,tienda_fisica,10.0,3099,"Buen producto, la calidad es excelente y llegó rápido.",2025-12-30,Servicios,9
2100,10.0,1350.35,410.89,15.0,58.0,tienda_fisica,11.0,3100,No estoy satisfecho con la compra.,2025-01-28,Electrónica,6
2101,-5.0,-100,,400.0,-1.0,,50.0,3101,producto,2025-07-20,electronica,1
2102,6.0,1222.76,179.41,32.0,9.0,web,10.0,3102,Relación calidad-precio aceptable.,2025-05-08,Hogar,3
2103,6.0,4045.21,21.65,23.0,15.0,móvil,7.0,3103,Entrega rápida y buen empaque.,2025-10-20,Servicios,5
2104,12.0,7937.04,266.91,19.0,30.0,web,4.0,3104,"Muy recomendable, volvería a comprar.",2025-07-08,Ropa,5
2105,22.0,8400.0,326.61,1.0,53.0,tienda_fisica,6.0,3105,No estoy satisfecho con la compra.,2025-08-18,Retail,6
2106,,,,,200.0,movil,-3.0,3106,12345,2025-12-20,,1
2107,24.0,860.8,42.6,104.0,12.0,web,3.0,3107,Excelente atención y variedad de productos.,2025-10-06,Electrónica,6
2108,999.0,abc,-50.0,-10.0,,,50.0,3108,ok,2025-08-21,electronica,1
2109,-5.0,-100,-50.0,,,,50.0,3109,12345,2025-08-20,,1
2110,5.0,2573.81,467.77,49.0,1.0,tienda_fisica,6.0,3110,"El servicio fue regular, podría mejorar.",2025-02-17,Retail,6
2111,25.0,6364.19,286.53,42.0,27.0,móvil,4.0,3111,No estoy satisfecho con la compra.,2025-08-18,Ropa,6
2112,25.0,8335.65,239.6,111.0,56.0,móvil,14.0,3112,"Muy recomendable, volvería a comprar.",2025-02-01,Electrónica,5
2113,,abc,,400.0,200.0,movil,50.0,3113,ok,2025-04-30,,1
2114,2.0,2315.08,104.98,75.0,54.0,tienda_fisica,12.0,3114,No estoy satisfecho con la compra.,2025-08-20,Hogar,6
2115,-5.0,-100,,400.0,,,50.0,3115,ok,2025-01-23,electronica,1
2116,27.0,1214.82,64.51,45.0,50.0,tienda_fisica,1.0,3116,No estoy satisfecho con la compra.,2025-06-24,Hogar,6
2117,15.0,5963.8,427.38,115.0,47.0,web,14.0,3117,"Buen producto, la calidad es excelente y llegó rápido.",2025-10-24,Hogar,9
2118,27.0,1217.8,71.6,62.0,61.0,móvil,7.0,3118,El producto llegó defectuoso.,2025-06-07,Hogar,4
2119,14.0,3447.13,91.93,73.0,59.0,móvil,3.0,3119,Entrega rápida y buen empaque.,2025-03-27,Retail,5
2120,17.0,3411.64,472.77,88.0,4.0,tienda_fisica,13.0,3120,Relación calidad-precio aceptable.,2025-04-15,Servicios,3
2121,22.0,3833.24,431.97,95.0,54.0,tienda_fisica,1.0,3121,Relación calidad-precio aceptable.,2025-08-11,Ropa,3
2122,30.0,8661.74,331.98,111.0,53.0,tienda_fisica,2.0,3122,Excelente atención y variedad de productos.,2025-04-22,Ropa,6
2123,2.0,6266.72,433.91,114.0,57.0,móvil,15.0,3123,"Muy recomendable, volvería a comprar.",2025-08-22,Ropa,5
2124,25.0,6559.83,293.36,115.0,53.0,móvil,3.0,3124,"Buen producto, la calidad es excelente y llegó rápido.",2025-07-12,Hogar,9
2125,-5.0,abc,-50.0,-10.0,,,-3.0,3125,12345,2025-07-03,,1
2126,0.0,abc,-50.0,,200.0,123,50.0,3126,,2025-03-27,???,0
2127,0.0,-100,-50.0,-10.0,200.0,WEB,50.0,3127,,2025-04-28,,0
2128,-5.0,,,400.0,-1.0,,50.0,3128,12345,2025-01-02,,1
2129,11.0,4404.58,442.38,42.0,18.0,móvil,10.0,3129,No estoy satisfecho con la compra.,2025-06-06,Servicios,6
2130,999.0,abc,-50.0,-10.0,,123,,3130,,2025-05-10,electronica,0
2131,18.0,4814.82,474.6,32.0,14.0,tienda_fisica,2.0,3131,Relación calidad-precio aceptable.,2025-10-24,Retail,3
2132,6.0,3652.99,482.28,116.0,19.0,tienda_fisica,9.0,3132,Relación calidad-precio aceptable.,2025-01-04,Electrónica,3
2133,0.0,,,-10.0,,,50.0,3133,ok,2025-08-06,???,1
2134,1.0,6803.42,40.18,93.0,17.0,tienda_fisica,3.0,3134,El producto llegó defectuoso.,2025-03-04,Hogar,4
2135,-5.0,abc,,400.0,,,,3135,,2025-04-17,???,0
2136,19.0,5268.61,252.34,118.0,67.0,tienda_fisica,8.0,3136,"Muy recomendable, volvería a comprar.",2025-04-14,Servicios,5
2137,26.0,1617.18,168.66,47.0,53.0,tienda_fisica,3.0,3137,Relación calidad-precio aceptable.,2025-10-23,Electrónica,3
2138,10.0,3039.15,225.01,31.0,25.0,móvil,13.0,3138,El producto llegó defectuoso.,2025-04-04,Ropa,4
2139,1.0,242.89,57.72,6.0,23.0,tienda_fisica,9.0,3139,"Muy recomendable, volvería a comprar.",2025-09-07,Electrónica,5
2140,0.0,abc,-50.0,400.0,200.0,,50.0,3140,,2025-01-02,,0
2141,,,-50.0,,,,50.0,3141,ok,2025-09-13,electronica,1
2142,28.0,8886.06,214.78,17.0,60.0,tienda_fisica,6.0,3142,"Buen producto, la calidad es excelente y llegó rápido.",2025-11-29,Electrónica,9
2143,13.0,6825.41,294.15,33.0,36.0,web,3.0,3143,Excelente atención y variedad de productos.,2025-01-27,Retail,6
2144,,,-50.0,-10.0,-1.0,,50.0,3144,12345,2025-07-10,,1
2145,23.0,5576.14,210.99,91.0,2.0,móvil,7.0,3145,No estoy satisfecho con la compra.,2025-01-26,Servicios,6
2146,20.0,1577.62,84.6,63.0,10.0,móvil,5.0,3146,"Muy recomendable, volvería a comprar.",2025-12-06,Retail,5
2147,1.0,1001.76,41.26,14.0,56.0,tienda_fisica,8.0,3147,"Muy recomendable, volvería a comprar.",2025-11-08,Electrónica,5
2148,20.0,1334.81,55.33,17.0,6.0,móvil,2.0,3148,"Buen producto, la calidad es excelente y llegó rápido.",2025-10-15,Servicios,9
2149,0.0,abc,-50.0,400.0,,movil,-3.0,3149,,2025-05-18,,0
2150,17.0,1657.18,456.56,44.0,69.0,web,11.0,3150,Entrega rápida y buen empaque.,2025-07-10,Hogar,5
2151,27.0,2149.58,310.09,57.0,11.0,web,5.0,3151,El producto llegó defectuoso.,2025-11-04,Electrónica,4
2152,999.0,,-50.0,,-1.0,,,3152,ok,2025-10-15,???,1
2153,6.0,3885.51,186.0,11.0,67.0,web,15.0,3153,El producto llegó defectuoso.,2025-10-07,Ropa,4
2154,999.0,abc,,-10.0,200.0,,,3154,ok,2025-12-29,,1
2155,10.0,1953.13,166.74,81.0,44.0,móvil,14.0,3155,Relación calidad-precio aceptable.,2025-06-05,Servicios,3
2156,6.0,6055.83,436.16,47.0,61.0,móvil,2.0,3156,"Muy recomendable, volvería a comprar.",2025-06-22,Ropa,5
2157,29.0,5209.35,344.65,6.0,21.0,tienda_fisica,10.0,3157,No estoy satisfecho con la compra.,2025-10-20,Retail,6
2158,-5.0,abc,,-10.0,,WEB,,3158,producto,2025-10-25,electronica,1
2159,19.0,2906.45,308.68,54.0,46.0,web,8.0,3159,"Buen producto, la calidad es excelente y llegó rápido.",2025-04-27,Electrónica,9
2160,13.0,3850.33,394.02,89.0,18.0,web,3.0,3160,Excelente atención y variedad de productos.,2025-07-07,Retail,6
2161,999.0,abc,-50.0,-10.0,200.0,WEB,-3.0,3161,,2025-05-18,,0
2162,22.0,3354.27,244.05,14.0,15.0,tienda_fisica,13.0,3162,"El servicio fue regular, podría mejorar.",2025-08-24,Electrónica,6
2163,-5.0,,,,,WEB,50.0,3163,ok,2025-01-07,???,1
2164,5.0,9188.14,402.65,28.0,43.0,tienda_fisica,10.0,3164,Relación calidad-precio aceptable.,2025-09-28,Electrónica,3
2165,6.0,1621.25,278.58,32.0,42.0,móvil,10.0,3165,Relación calidad-precio aceptable.,2025-08-02,Hogar,3
2166,26.0,9345.68,491.81,32.0,3.0,tienda_fisica,13.0,3166,"Muy recomendable, volvería a comprar.",2025-03-28,Hogar,5
2167,0.0,,,-10.0,-1.0,WEB,50.0,3167,12345,2025-04-14,electronica,1
2168,-5.0,abc,-50.0,,,123,,3168,producto,2025-07-28,,1
2169,999.0,abc,,-10.0,200.0,movil,50.0,3169,,2025-06-16,electronica,0
2170,0.0,-100,,400.0,,,50.0,3170,,2025-03-15,electronica,0
2171,15.0,9506.13,409.48,35.0,29.0,tienda_fisica,10.0,3171,El producto llegó defectuoso.,2025-04-11,Electrónica,4
2172,-5.0,,,-10.0,200.0,WEB,50.0,3172,producto,2025-10-30,???,1
2173,17.0,4714.66,353.08,43.0,59.0,tienda_fisica,4.0,3173,Excelente atención y variedad de productos.,2025-05-08,Retail,6
2174,8.0,245.95,251.07,36.0,44.0,tienda_fisica,4.0,3174,No estoy satisfecho con la compra.,2025-11-19,Electrónica,6
2175,6.0,9858.31,223.09,13.0,23.0,tienda_fisica,3.0,3175,"Buen producto, la calidad es excelente y llegó rápido.",2025-05-31,Servicios,9
2176,7.0,7160.06,240.15,8.0,31.0,móvil,4.0,3176,Entrega rápida y buen empaque.,2025-06-27,Electrónica,5
2177,0.0,-100,-50.0,,-1.0,,-3.0,3177,,2025-09-07,???,0
2178,18.0,8599.03,45.99,76.0,35.0,móvil,11.0,3178,Entrega rápida y buen empaque.,2025-12-24,Retail,5
2179,,,,-10.0,-1.0,WEB,50.0,3179,ok,2025-11-14,,1
2180,,-100,-50.0,,200.0,movil,-3.0,3180,,2025-10-28,,0
2181,,abc,-50.0,400.0,200.0,WEB,,3181,,2025-11-09,electronica,0
2182,4.0,3365.16,258.66,97.0,41.0,web,6.0,3182,"Muy recomendable, volvería a comprar.",2025-09-12,Ropa,5
2183,6.0,9589.98,323.27,17.0,36.0,móvil,7.0,3183,No estoy satisfecho con la compra.,2025-05-06,Hogar,6
2184,0.0,-100,,400.0,,,-3.0,3184,12345,2025-06-11,,1
2185,-5.0,,-50.0,,-1.0,,-3.0,3185,12345,2025-06-10,???,1
2186,22.0,6538.7,305.91,59.0,10.0,tienda_fisica,5.0,3186,Entrega rápida y buen empaque.,2025-04-08,Hogar,5
2187,30.0,9336.05,40.18,98.0,5.0,tienda_fisica,2.0,3187,"Buen producto, la calidad es excelente y llegó rápido.",2025-01-23,Hogar,9
2188,-5.0,abc,-50.0,400.0,-1.0,movil,,3188,,2025-09-20,???,0
2189,2.0,2846.42,487.43,51.0,15.0,tienda_fisica,7.0,3189,No estoy satisfecho con la compra.,2025-05-05,Electrónica,6
2190,23.0,5379.78,189.11,68.0,46.0,web,15.0,3190,"Muy recomendable, volvería a comprar.",2025-08-04,Hogar,5
2191,22.0,5932.56,180.35,52.0,72.0,web,9.0,3191,"Buen producto, la calidad es excelente y llegó rápido.",2025-03-24,Retail,9
2192,1.0,4817.72,94.92,63.0,21.0,web,14.0,3192,"Buen producto, la calidad es excelente y llegó rápido.",2025-01-01,Ropa,9
2193,15.0,1585.66,112.71,27.0,46.0,tienda_fisica,7.0,3193,Relación calidad-precio aceptable.,2025-05-25,Electrónica,3
2194,0.0,-100,,400.0,,123,50.0,3194,,2025-11-03,,0
2195,21.0,2590.27,488.93,78.0,71.0,tienda_fisica,4.0,3195,"El servicio fue regular, podría mejorar.",2025-07-30,Retail,6
2196,16.0,2671.18,36.95,56.0,49.0,web,9.0,3196,El producto llegó defectuoso.,2025-09-21,Retail,4
2197,28.0,5633.81,386.17,115.0,13.0,móvil,2.0,3197,"El servicio fue regular, podría mejorar.",2025-08-06,Retail,6
2198,,,-50.0,,-1.0,,-3.0,3198,ok,2025-09-15,,1
2199,0.0,-100,-50.0,-10.0,,,50.0,3199,producto,2025-06-27,,1
2200,23.0,4794.34,401.41,3.0,26.0,web,2.0,3200,"Muy recomendable, volvería a comprar.",2025-07-13,Servicios,5
2201,19.0,7838.51,423.03,14.0,48.0,tienda_fisica,5.0,3201,"El servicio fue regular, podría mejorar.",2025-10-08,Hogar,6
2202,5.0,2663.08,47.64,48.0,38.0,web,6.0,3202,"El servicio fue regular, podría mejorar.",2025-06-14,Electrónica,6
2203,-5.0,abc,-50.0,400.0,200.0,,50.0,3203,ok,2025-10-09,electronica,1
2204,21.0,4609.56,269.81,62.0,18.0,tienda_fisica,5.0,3204,El producto llegó defectuoso.,2025-07-13,Hogar,4
2205,,-100,-50.0,400.0,-1.0,WEB,-3.0,3205,,2025-01-16,,0
2206,6.0,6170.13,316.86,29.0,3.0,móvil,8.0,3206,Entrega rápida y buen empaque.,2025-12-21,Servicios,5
2207,19.0,5685.62,329.03,41.0,35.0,móvil,7.0,3207,"Muy recomendable, volvería a comprar.",2025-07-18,Electrónica,5
2208,,-100,,-10.0,-1.0,123,,3208,,2025-03-21,???,0
2209,1.0,1701.04,139.91,17.0,29.0,móvil,15.0,3209,"Buen producto, la calidad es excelente y llegó rápido.",2025-05-27,Hogar,9
2210,-5.0,-100,,-10.0,200.0,,,3210,12345,2025-09-23,???,1
2211,30.0,5190.0,321.94,99.0,65.0,web,15.0,3211,"El servicio fue regular, podría mejorar.",2025-01-07,Retail,6
2212,-5.0,abc,-50.0,-10.0,-1.0,,50.0,3212,12345,2025-03-07,???,1
2213,16.0,6367.11,36.15,72.0,49.0,tienda_fisica,13.0,3213,Relación calidad-precio aceptable.,2025-04-10,Retail,3
2214,13.0,6134.41,417.98,104.0,37.0,móvil,5.0,3214,"Muy recomendable, volvería a comprar.",2025-06-05,Servicios,5
2215,0.0,,,-10.0,200.0,WEB,-3.0,3215,ok,2025-05-06,,1
2216,10.0,3701.56,128.65,10.0,15.0,web,15.0,3216,"El servicio fue regular, podría mejorar.",2025-09-30,Hogar,6
2217,-5.0,,-50.0,400.0,-1.0,WEB,50.0,3217,12345,2025-10-21,???,1
2218,9.0,4569.29,395.61,12.0,65.0,móvil,10.0,3218,"Buen producto, la calidad es excelente y llegó rápido.",2025-03-05,Electrónica,9
2219,24.0,3187.52,475.05,85.0,19.0,tienda_fisica,15.0,3219,Excelente atención y variedad de productos.,2025-06-05,Ropa,6
2220,10.0,680.74,41.73,34.0,11.0,móvil,5.0,3220,No estoy satisfecho con la compra.,2025-02-17,Ropa,6
2221,-5.0,,-50.0,,-1.0,,50.0,3221,,2025-12-27,,0
2222,-5.0,,,,-1.0,movil,50.0,3222,12345,2025-07-04,,1
2223,26.0,9993.27,205.47,13.0,38.0,tienda_fisica,11.0,3223,"Buen producto, la calidad es excelente y llegó rápido.",2025-09-15,Retail,9
2224,7.0,1090.44,408.48,46.0,50.0,web,5.0,3224,"Buen producto, la calidad es excelente y llegó rápido.",2025-06-11,Electrónica,9
2225,22.0,9768.33,307.83,102.0,7.0,web,8.0,3225,Entrega rápida y buen empaque.,2025-05-18,Hogar,5
2226,,abc,,-10.0,200.0,WEB,-3.0,3226,ok,2025-05-07,???,1
2227,24.0,9698.22,315.14,12.0,24.0,tienda_fisica,14.0,3227,El producto llegó defectuoso.,2025-11-19,Servicios,4
2228,27.0,3883.82,127.59,55.0,58.0,móvil,6.0,3228,"Buen producto, la calidad es excelente y llegó rápido.",2025-04-30,Electrónica,9
2229,12.0,4914.66,475.02,31.0,12.0,tienda_fisica,11.0,3229,"Buen producto, la calidad es excelente y llegó rápido.",2025-01-19,Ropa,9
2230,,,-50.0,-10.0,,123,-3.0,3230,ok,2025-07-22,???,1
2231,,,,400.0,,movil,,3231,,2025-11-03,,0
2232,,abc,,400.0,-1.0,123,,3232,producto,2025-01-07,???,1
2233,1.0,9882.87,462.25,59.0,60.0,web,1.0,3233,"El servicio fue regular, podría mejorar.",2025-02-06,Hogar,6
2234,19.0,9079.16,305.85,104.0,26.0,web,14.0,3234,Entrega rápida y buen empaque.,2025-01-19,Hogar,5
2235,15.0,1110.84,357.67,55.0,7.0,web,1.0,3235,"El servicio fue regular, podría mejorar.",2025-05-23,Electrónica,6
2236,10.0,2972.56,473.51,104.0,46.0,web,6.0,3236,Relación calidad-precio aceptable.,2025-10-31,Electrónica,3
2237,8.0,6672.55,269.11,85.0,53.0,móvil,12.0,3237,No estoy satisfecho con la compra.,2025-06-25,Servicios,6
2238,16.0,7772.74,32.73,28.0,30.0,web,6.0,3238,"El servicio fue regular, podría mejorar.",2025-05-05,Servicios,6
2239,13.0,6283.75,490.37,28.0,50.0,web,12.0,3239,Excelente atención y variedad de productos.,2025-02-27,Retail,6
2240,8.0,1082.47,238.13,73.0,39.0,tienda_fisica,13.0,3240,"Muy recomendable, volvería a comprar.",2025-08-07,Hogar,5
2241,23.0,7241.61,465.97,26.0,72.0,web,14.0,3241,"Muy recomendable, volvería a comprar.",2025-06-28,Retail,5
2242,27.0,6236.25,435.56,85.0,50.0,móvil,9.0,3242,No estoy satisfecho con la compra.,2025-08-21,Retail,6
2243,9.0,5786.24,399.69,115.0,62.0,móvil,15.0,3243,No estoy satisfecho con la compra.,2025-11-08,Electrónica,6
2244,12.0,3670.18,327.72,62.0,30.0,web,14.0,3244,"Buen producto, la calidad es excelente y llegó rápido.",2025-06-13,Hogar,9
2245,13.0,1405.66,31.76,90.0,72.0,web,10.0,3245,"El servicio fue regular, podría mejorar.",2025-04-07,Electrónica,6
2246,10.0,4036.41,413.41,69.0,58.0,móvil,1.0,3246,El producto llegó defectuoso.,2025-02-22,Retail,4
2247,16.0,98.78,439.49,77.0,31.0,tienda_fisica,5.0,3247,Entrega rápida y buen empaque.,2025-12-05,Retail,5
2248,0.0,,,-10.0,200.0,,50.0,3248,12345,2025-01-29,???,1
2249,-5.0,-100,-50.0,400.0,-1.0,123,-3.0,3249,12345,2025-12-08,,1
2250,14.0,784.31,53.8,75.0,59.0,web,4.0,3250,Entrega rápida y buen empaque.,2025-10-15,Electrónica,5
2251,-5.0,-100,-50.0,-10.0,200.0,movil,50.0,3251,,2025-10-12,,0
2252,22.0,9716.56,419.46,80.0,7.0,tienda_fisica,13.0,3252,Relación calidad-precio aceptable.,2025-12-15,Servicios,3
2253,16.0,1322.17,343.45,28.0,10.0,tienda_fisica,1.0,3253,El producto llegó defectuoso.,2025-05-16,Ropa,4
2254,22.0,8895.23,489.93,81.0,32.0,tienda_fisica,11.0,3254,"Muy recomendable, volvería a comprar.",2025-07-31,Electrónica,5
2255,3.0,6078.79,80.69,10.0,68.0,móvil,9.0,3255,El producto llegó defectuoso.,2025-03-11,Retail,4
2256,25.0,862.03,369.07,51.0,37.0,web,2.0,3256,No estoy satisfecho con la compra.,2025-09-04,Hogar,6
2257,5.0,1936.35,145.66,15.0,56.0,tienda_fisica,10.0,3257,"Buen producto, la calidad es excelente y llegó rápido.",2025-05-03,Servicios,9
2258,14.0,8483.79,228.58,2.0,32.0,web,3.0,3258,"El servicio fue regular, podría mejorar.",2025-04-26,Retail,6
2259,22.0,1837.86,184.78,101.0,69.0,tienda_fisica,3.0,3259,No estoy satisfecho con la compra.,2025-11-22,Electrónica,6
2260,13.0,8886.23,135.39,75.0,34.0,móvil,10.0,3260,Excelente atención y variedad de productos.,2025-11-16,Electrónica,6
2261,6.0,9074.62,218.95,33.0,34.0,web,5.0,3261,Entrega rápida y buen empaque.,2025-12-17,Servicios,5
2262,17.0,1174.01,486.56,15.0,10.0,web,5.0,3262,El producto llegó defectuoso.,2025-04-24,Hogar,4
2263,-5.0,,,,-1.0,,,3263,,2025-06-12,electronica,0
2264,23.0,8893.34,394.4,68.0,62.0,tienda_fisica,15.0,3264,El producto llegó defectuoso.,2025-11-09,Electrónica,4
2265,-5.0,abc,,,-1.0,movil,,3265,,2025-03-28,,0
2266,-5.0,-100,-50.0,-10.0,,WEB,50.0,3266,12345,2025-06-02,???,1
2267,,,,,-1.0,,50.0,3267,producto,2025-08-22,,1
2268,16.0,8534.51,171.61,45.0,9.0,tienda_fisica,10.0,3268,Entrega rápida y buen empaque.,2025-11-26,Servicios,5
2269,22.0,899.12,50.91,87.0,28.0,móvil,7.0,3269,Relación calidad-precio aceptable.,2025-08-22,Hogar,3
2270,,,,,-1.0,123,-3.0,3270,,2025-03-24,???,0
2271,7.0,2119.54,402.31,70.0,6.0,tienda_fisica,6.0,3271,Excelente atención y variedad de productos.,2025-07-23,Retail,6
2272,19.0,9641.87,321.57,82.0,72.0,web,3.0,3272,Excelente atención y variedad de productos.,2025-09-19,Ropa,6
2273,29.0,4743.45,363.74,68.0,26.0,web,2.0,3273,"Buen producto, la calidad es excelente y llegó rápido.",2025-03-29,Electrónica,9
2274,25.0,9200.57,281.49,20.0,24.0,web,1.0,3274,Entrega rápida y buen empaque.,2025-08-30,Hogar,5
2275,,-100,,,200.0,,-3.0,3275,,2025-08-12,???,0
2276,25.0,8885.83,322.03,42.0,9.0,web,3.0,3276,El producto llegó defectuoso.,2025-11-16,Hogar,4
2277,3.0,6860.09,29.35,47.0,11.0,móvil,1.0,3277,Entrega rápida y buen empaque.,2025-09-20,Retail,5
2278,0.0,,-50.0,-10.0,200.0,movil,-3.0,3278,,2025-01-07,electronica,0
2279,0.0,-100,,-10.0,-1.0,,50.0,3279,,2025-12-01,???,0
2280,22.0,1466.34,413.25,36.0,26.0,web,8.0,3280,Relación calidad-precio aceptable.,2025-06-19,Servicios,3
2281,25.0,5752.62,427.72,72.0,4.0,tienda_fisica,14.0,3281,El producto llegó defectuoso.,2025-11-07,Electrónica,4
2282,-5.0,,,400.0,,,50.0,3282,,2025-08-30,???,0
2283,7.0,8588.37,142.03,36.0,33.0,móvil,2.0,3283,No estoy satisfecho con la compra.,2025-01-10,Electrónica,6
2284,19.0,4669.86,34.7,70.0,37.0,móvil,5.0,3284,Relación calidad-precio aceptable.,2025-06-19,Hogar,3
2285,16.0,4101.81,88.5,53.0,22.0,web,9.0,3285,"El servicio fue regular, podría mejorar.",2025-01-02,Retail,6
2286,12.0,110.41,412.7,84.0,53.0,móvil,10.0,3286,"El servicio fue regular, podría mejorar.",2025-10-21,Electrónica,6
2287,4.0,3332.47,97.97,43.0,48.0,móvil,3.0,3287,No estoy satisfecho con la compra.,2025-12-24,Electrónica,6
2288,-5.0,,-50.0,,200.0,WEB,,3288,producto,2025-11-22,,1
2289,,,,-10.0,,movil,50.0,3289,,2025-12-13,electronica,0
2290,-5.0,-100,,-10.0,,movil,,3290,,2025-09-17,,0
2291,23.0,5455.81,278.39,52.0,6.0,web,4.0,3291,"Muy recomendable, volvería a comprar.",2025-02-12,Hogar,5
2292,8.0,247.73,456.07,46.0,69.0,móvil,15.0,3292,"Buen producto, la calidad es excelente y llegó rápido.",2025-09-17,Ropa,9
2293,999.0,-100,,-10.0,-1.0,123,50.0,3293,,2025-04-23,???,0
2294,22.0,7321.83,306.2,24.0,6.0,tienda_fisica,6.0,3294,Relación calidad-precio aceptable.,2025-06-30,Retail,3
2295,16.0,6015.86,491.63,12.0,14.0,móvil,11.0,3295,"Muy recomendable, volvería a comprar.",2025-04-07,Retail,5
2296,1.0,7100.98,384.13,60.0,53.0,tienda_fisica,3.0,3296,No estoy satisfecho con la compra.,2025-08-15,Ropa,6
2297,13.0,55.6,293.59,115.0,46.0,móvil,9.0,3297,"El servicio fue regular, podría mejorar.",2025-10-20,Electrónica,6
2298,22.0,9287.25,100.59,15.0,27.0,web,4.0,3298,Entrega rápida y buen empaque.,2025-07-14,Electrónica,5
2299,1.0,9158.36,113.96,59.0,56.0,tienda_fisica,11.0,3299,"Buen producto, la calidad es excelente y llegó rápido.",2025-02-06,Hogar,9
2300,999.0,,,-10.0,200.0,123,-3.0,3300,,2025-05-07,,0
2301,19.0,8844.38,425.91,17.0,60.0,tienda_fisica,2.0,3301,"Muy recomendable, volvería a comprar.",2025-11-21,Ropa,5
2302,30.0,7842.3,427.5,28.0,67.0,móvil,11.0,3302,"Buen producto, la calidad es excelente y llegó rápido.",2025-09-06,Hogar,9
2303,17.0,3686.68,328.5,72.0,66.0,tienda_fisica,7.0,3303,Excelente atención y variedad de productos.,2025-09-20,Retail,6
2304,19.0,4700.75,354.4,7.0,2.0,tienda_fisica,11.0,3304,No estoy satisfecho con la compra.,2025-01-03,Retail,6
2305,20.0,5844.8,313.63,101.0,39.0,móvil,13.0,3305,Relación calidad-precio aceptable.,2025-05-22,Ropa,3
2306,-5.0,-100,,,200.0,movil,-3.0,3306,ok,2025-08-07,electronica,1
2307,,,,400.0,-1.0,movil,50.0,3307,,2025-07-20,electronica,0
2308,0.0,abc,,400.0,200.0,movil,50.0,3308,ok,2025-10-18,,1
2309,12.0,5087.5,170.83,65.0,29.0,móvil,15.0,3309,El producto llegó defectuoso.,2025-12-11,Ropa,4
2310,13.0,4795.67,168.53,106.0,28.0,móvil,5.0,3310,"El servicio fue regular, podría mejorar.",2025-12-13,Ropa,6
2311,-5.0,abc,,,,WEB,-3.0,3311,12345,2025-12-18,,1
2312,21.0,6282.86,256.13,69.0,28.0,web,7.0,3312,"Buen producto, la calidad es excelente y llegó rápido.",2025-10-26,Retail,9
2313,,,-50.0,-10.0,-1.0,WEB,,3313,producto,2025-10-25,,1
2314,22.0,7669.98,369.46,29.0,12.0,móvil,13.0,3314,Entrega rápida y buen empaque.,2025-03-12,Servicios,5
2315,7.0,1628.29,134.19,89.0,43.0,tienda_fisica,13.0,3315,Entrega rápida y buen empaque.,2025-03-02,Hogar,5
2316,-5.0,-100,-50.0,-10.0,-1.0,,,3316,ok,2025-09-04,,1
2317,29.0,382.13,136.65,46.0,41.0,móvil,6.0,3317,Entrega rápida y buen empaque.,2025-06-26,Hogar,5
2318,2.0,4140.18,245.73,10.0,25.0,web,7.0,3318,"Buen producto, la calidad es excelente y llegó rápido.",2025-06-08,Servicios,9
2319,999.0,-100,-50.0,-10.0,200.0,movil,50.0,3319,12345,2025-05-08,electronica,1
2320,16.0,6786.16,382.8,2.0,54.0,tienda_fisica,6.0,3320,Excelente atención y variedad de productos.,2025-01-16,Electrónica,6
2321,6.0,8699.57,455.05,70.0,31.0,móvil,11.0,3321,Excelente atención y variedad de productos.,2025-12-30,Electrónica,6
2322,10.0,4221.5,353.59,32.0,1.0,móvil,15.0,3322,Relación calidad-precio aceptable.,2025-05-12,Hogar,3
2323,2.0,1304.39,215.79,91.0,43.0,móvil,7.0,3323,Entrega rápida y buen empaque.,2025-01-04,Retail,5
2324,30.0,7946.18,131.4,18.0,63.0,móvil,7.0,3324,Relación calidad-precio aceptable.,2025-04-09,Ropa,3
2325,22.0,8243.63,36.98,67.0,23.0,tienda_fisica,12.0,3325,Relación calidad-precio aceptable.,2025-05-06,Electrónica,3
2326,29.0,9294.85,28.34,88.0,24.0,móvil,3.0,3326,El producto llegó defectuoso.,2025-02-01,Servicios,4
2327,13.0,1086.63,391.16,5.0,56.0,móvil,11.0,3327,"Buen producto, la calidad es excelente y llegó rápido.",2025-08-25,Retail,9
2328,0.0,-100,-50.0,-10.0,200.0,,-3.0,3328,,2025-05-10,electronica,0
2329,999.0,-100,-50.0,,-1.0,,50.0,3329,12345,2025-02-07,???,1
2330,19.0,7360.18,430.48,10.0,21.0,web,10.0,3330,No estoy satisfecho con la compra.,2025-07-13,Servicios,6
2331,1.0,8508.5,127.68,62.0,11.0,tienda_fisica,3.0,3331,"El servicio fue regular, podría mejorar.",2025-03-30,Servicios,6
2332,29.0,1495.91,131.92,60.0,57.0,web,12.0,3332,Excelente atención y variedad de productos.,2025-05-24,Electrónica,6
2333,,,,-10.0,200.0,,-3.0,3333,ok,2025-02-01,electronica,1
2334,3.0,9809.46,100.36,74.0,71.0,web,1.0,3334,"Buen producto, la calidad es excelente y llegó rápido.",2025-05-30,Servicios,9
2335,,-100,,,,,-3.0,3335,producto,2025-10-18,electronica,1
2336,29.0,8311.63,147.33,20.0,33.0,tienda_fisica,15.0,3336,El producto llegó defectuoso.,2025-06-25,Electrónica,4
2337,999.0,abc,,,,,50.0,3337,12345,2025-10-02,,1
2338,,,,,,,,3338,producto,2025-01-28,,1
2339,30.0,1573.87,167.03,52.0,67.0,web,1.0,3339,"Muy recomendable, volvería a comprar.",2025-11-03,Servicios,5
2340,999.0,,-50.0,,-1.0,WEB,-3.0,3340,,2025-06-24,???,0
2341,999.0,-100,,,200.0,,50.0,3341,producto,2025-07-23,,1
2342,23.0,8401.33,327.81,49.0,40.0,web,8.0,3342,"El servicio fue regular, podría mejorar.",2025-10-23,Servicios,6
2343,15.0,5847.2,111.64,16.0,23.0,tienda_fisica,13.0,3343,Excelente atención y variedad de productos.,2025-05-15,Electrónica,6
2344,,-100,,-10.0,-1.0,movil,50.0,3344,ok,2025-11-06,,1
2345,-5.0,abc,,-10.0,200.0,123,-3.0,3345,producto,2025-08-30,electronica,1
2346,-5.0,,-50.0,-10.0,,123,,3346,12345,2025-11-29,???,1
2347,-5.0,,-50.0,-10.0,,,50.0,3347,ok,2025-10-24,???,1
2348,15.0,7008.91,331.1,38.0,53.0,móvil,2.0,3348,El producto llegó defectuoso.,2025-12-09,Ropa,4
2349,-5.0,-100,,-10.0,-1.0,,,3349,,2025-10-12,,0
2350,12.0,528.25,187.05,37.0,61.0,web,3.0,3350,"Buen producto, la calidad es excelente y llegó rápido.",2025-12-18,Servicios,9
2351,2.0,864.99,495.08,23.0,61.0,tienda_fisica,6.0,3351,Excelente atención y variedad de productos.,2025-11-16,Servicios,6
2352,22.0,6943.55,338.53,120.0,43.0,móvil,11.0,3352,"Muy recomendable, volvería a comprar.",2025-04-28,Retail,5
2353,24.0,3126.86,419.08,22.0,45.0,móvil,3.0,3353,"Muy recomendable, volvería a comprar.",2025-07-16,Retail,5
2354,22.0,6502.04,46.96,11.0,52.0,tienda_fisica,5.0,3354,Relación calidad-precio aceptable.,2025-02-27,Ropa,3
2355,-5.0,abc,,-10.0,-1.0,WEB,-3.0,3355,ok,2025-08-23,???,1
2356,26.0,4266.3,380.77,95.0,58.0,tienda_fisica,7.0,3356,"Muy recomendable, volvería a comprar.",2025-10-01,Servicios,5
2357,,,,-10.0,,,,3357,producto,2025-11-03,,1
2358,20.0,7249.69,267.78,11.0,36.0,móvil,5.0,3358,Relación calidad-precio aceptable.,2025-10-29,Ropa,3
2359,27.0,7979.79,261.59,22.0,37.0,tienda_fisica,12.0,3359,No estoy satisfecho con la compra.,2025-01-24,Electrónica,6
2360,11.0,316.75,316.26,72.0,56.0,móvil,4.0,3360,Relación calidad-precio aceptable.,2025-04-04,Retail,3
2361,999.0,abc,-50.0,-10.0,-1.0,WEB,-3.0,3361,,2025-12-21,electronica,0
2362,26.0,6945.17,53.99,69.0,33.0,tienda_fisica,7.0,3362,Entrega rápida y buen empaque.,2025-12-13,Ropa,5
2363,20.0,2262.61,99.65,32.0,46.0,tienda_fisica,14.0,3363,Entrega rápida y buen empaque.,2025-10-23,Ropa,5
2364,27.0,6607.84,367.14,26.0,36.0,tienda_fisica,12.0,3364,"Buen producto, la calidad es excelente y llegó rápido.",2025-09-30,Servicios,9
2365,999.0,,-50.0,,200.0,,,3365,,2025-12-06,,0
2366,10.0,5489.16,98.7,74.0,67.0,web,14.0,3366,Entrega rápida y buen empaque.,2025-09-05,Retail,5
2367,3.0,8545.96,406.1,61.0,33.0,tienda_fisica,10.0,3367,Excelente atención y variedad de productos.,2025-10-04,Electrónica,6
2368,,-100,-50.0,,-1.0,movil,,3368,,2025-10-08,???,0
2369,3.0,2659.39,57.69,24.0,64.0,tienda_fisica,6.0,3369,Excelente atención y variedad de productos.,2025-10-02,Hogar,6
2370,0.0,,,,200.0,movil,50.0,3370,,2025-09-23,electronica,0
2371,16.0,3339.9,153.81,66.0,34.0,móvil,15.0,3371,"Muy recomendable, volvería a comprar.",2025-08-20,Ropa,5
2372,1.0,1199.69,312.98,18.0,28.0,web,7.0,3372,Relación calidad-precio aceptable.,2025-01-02,Servicios,3
2373,23.0,4564.1,338.47,9.0,27.0,tienda_fisica,5.0,3373,Excelente atención y variedad de productos.,2025-07-12,Hogar,6
2374,4.0,1574.25,153.82,68.0,37.0,tienda_fisica,13.0,3374,"Buen producto, la calidad es excelente y llegó rápido.",2025-05-31,Ropa,9
2375,14.0,1232.34,445.8,47.0,53.0,web,9.0,3375,Entrega rápida y buen empaque.,2025-07-25,Hogar,5
2376,999.0,-100,,,200.0,WEB,,3376,,2025-09-23,,0
2377,999.0,-100,-50.0,400.0,-1.0,movil,,3377,,2025-11-22,,0
2378,7.0,8378.12,480.91,23.0,63.0,web,2.0,3378,"Buen producto, la calidad es excelente y llegó rápido.",2025-10-02,Servicios,9
2379,10.0,4592.85,439.68,54.0,25.0,tienda_fisica,14.0,3379,Relación calidad-precio aceptable.,2025-02-02,Servicios,3
2380,7.0,5458.88,26.88,70.0,24.0,web,9.0,3380,"El servicio fue regular, podría mejorar.",2025-09-07,Servicios,6
2381,3.0,3223.55,443.36,45.0,66.0,web,6.0,3381,El producto llegó defectuoso.,2025-09-20,Hogar,4
2382,11.0,7101.08,162.3,67.0,4.0,web,3.0,3382,El producto llegó defectuoso.,2025-11-18,Retail,4
2383,11.0,1438.12,470.31,118.0,67.0,tienda_fisica,12.0,3383,Excelente atención y variedad de productos.,2025-10-04,Ropa,6
2384,27.0,9525.24,150.8,76.0,68.0,tienda_fisica,13.0,3384,Entrega rápida y buen empaque.,2025-06-08,Electrónica,5
2385,,,-50.0,,-1.0,123,-3.0,3385,producto,2025-05-05,,1
2386,999.0,-100,-50.0,-10.0,200.0,WEB,-3.0,3386,producto,2025-01-09,,1
2387,999.0,,-50.0,,200.0,,,3387,producto,2025-10-07,???,1
2388,6.0,4738.42,274.01,95.0,49.0,móvil,1.0,3388,Entrega rápida y buen empaque.,2025-05-05,Ropa,5
2389,0.0,,,-10.0,200.0,123,-3.0,3389,12345,2025-07-28,???,1
2390,,abc,,400.0,200.0,123,,3390,,2025-09-03,,0
2391,0.0,,,400.0,200.0,,-3.0,3391,,2025-01-29,,0
2392,,abc,,-10.0,-1.0,WEB,-3.0,3392,producto,2025-08-25,electronica,1
2393,,,-50.0,,200.0,WEB,-3.0,3393,producto,2025-05-11,,1
2394,,,,400.0,200.0,WEB,50.0,3394,ok,2025-12-25,electronica,1
2395,21.0,434.84,70.05,54.0,62.0,tienda_fisica,9.0,3395,"Muy recomendable, volvería a comprar.",2025-10-03,Hogar,5
2396,21.0,7854.2,157.03,112.0,59.0,web,4.0,3396,El producto llegó defectuoso.,2025-09-28,Retail,4
2397,10.0,9640.9,153.7,86.0,34.0,móvil,12.0,3397,"Buen producto, la calidad es excelente y llegó rápido.",2025-12-10,Hogar,9
2398,6.0,7131.17,319.33,10.0,21.0,tienda_fisica,5.0,3398,No estoy satisfecho con la compra.,2025-10-06,Servicios,6
2399,30.0,6910.24,33.92,85.0,55.0,móvil,15.0,3399,"Muy recomendable, volvería a comprar.",2025-03-24,Ropa,5
2400,,-100,,,-1.0,123,,3400,ok,2025-07-31,electronica,1
2401,-5.0,-100,-50.0,400.0,-1.0,123,-3.0,3401,,2025-05-06,electronica,0
2402,24.0,9455.96,259.42,111.0,49.0,web,3.0,3402,No estoy satisfecho con la compra.,2025-10-06,Electrónica,6
2403,-5.0,,-50.0,-10.0,200.0,movil,50.0,3403,producto,2025-01-09,???,1
2404,15.0,2838.03,407.9,42.0,52.0,móvil,8.0,3404,No estoy satisfecho con la compra.,2025-01-11,Servicios,6
2405,999.0,-100,,,,,50.0,3405,,2025-08-09,???,0
2406,12.0,9609.11,183.5,44.0,48.0,móvil,6.0,3406,Relación calidad-precio aceptable.,2025-01-14,Hogar,3
2407,5.0,5653.29,323.14,57.0,15.0,móvil,5.0,3407,El producto llegó defectuoso.,2025-09-21,Servicios,4
2408,20.0,3482.49,97.02,41.0,17.0,móvil,12.0,3408,No estoy satisfecho con la compra.,2025-12-06,Electrónica,6
2409,29.0,6703.91,274.2,65.0,21.0,web,13.0,3409,"Muy recomendable, volvería a comprar.",2025-02-08,Electrónica,5
2410,20.0,6310.07,108.79,39.0,48.0,móvil,8.0,3410,"El servicio fue regular, podría mejorar.",2025-06-01,Electrónica,6
2411,26.0,2084.87,398.96,86.0,18.0,móvil,8.0,3411,"Buen producto, la calidad es excelente y llegó rápido.",2025-11-19,Servicios,9
2412,7.0,305.92,370.71,71.0,19.0,tienda_fisica,5.0,3412,"Muy recomendable, volvería a comprar.",2025-01-30,Retail,5
2413,-5.0,-100,,,-1.0,movil,50.0,3413,,2025-12-26,,0
2414,,abc,-50.0,400.0,,WEB,-3.0,3414,,2025-04-01,???,0
2415,12.0,7198.38,336.82,46.0,62.0,web,10.0,3415,"Buen producto, la calidad es excelente y llegó rápido.",2025-06-12,Ropa,9
2416,30.0,8182.13,311.74,33.0,12.0,web,3.0,3416,Relación calidad-precio aceptable.,2025-12-02,Electrónica,3
2417,999.0,-100,-50.0,400.0,200.0,WEB,-3.0,3417,ok,2025-02-28,electronica,1
2418,,,-50.0,-10.0,-1.0,movil,50.0,3418,ok,2025-12-18,,1
2419,14.0,5491.3,61.85,64.0,31.0,tienda_fisica,5.0,3419,"Muy recomendable, volvería a comprar.",2025-03-07,Servicios,5
2420,0.0,abc,-50.0,400.0,200.0,,-3.0,3420,,2025-09-15,,0
2421,,abc,,400.0,-1.0,WEB,-3.0,3421,,2025-11-13,,0
2422,19.0,3829.47,217.84,104.0,47.0,tienda_fisica,3.0,3422,"El servicio fue regular, podría mejorar.",2025-04-07,Electrónica,6
2423,-5.0,abc,-50.0,-10.0,200.0,123,-3.0,3423,producto,2025-04-09,,1
2424,999.0,-100,-50.0,,200.0,123,,3424,,2025-09-08,,0
2425,-5.0,-100,-50.0,400.0,200.0,movil,50.0,3425,12345,2025-02-17,,1
2426,2.0,3244.54,436.07,15.0,31.0,tienda_fisica,12.0,3426,Relación calidad-precio aceptable.,2025-04-16,Hogar,3
2427,26.0,2671.79,196.58,4.0,64.0,web,2.0,3427,Relación calidad-precio aceptable.,2025-05-12,Servicios,3
2428,2.0,8272.44,258.05,45.0,20.0,móvil,6.0,3428,Entrega rápida y buen empaque.,2025-12-29,Hogar,5
2429,3.0,8263.82,382.83,27.0,16.0,móvil,7.0,3429,No estoy satisfecho con la compra.,2025-01-14,Servicios,6
2430,3.0,6540.61,429.33,96.0,8.0,tienda_fisica,6.0,3430,"El servicio fue regular, podría mejorar.",2025-12-20,Hogar,6
2431,28.0,7726.29,49.0,52.0,60.0,web,1.0,3431,El producto llegó defectuoso.,2025-01-07,Servicios,4
2432,999.0,,-50.0,400.0,-1.0,123,-3.0,3432,12345,2025-04-22,electronica,1
2433,4.0,7434.79,172.77,105.0,2.0,web,13.0,3433,"Muy recomendable, volvería a comprar.",2025-01-14,Electrónica,5
2434,18.0,4237.52,139.83,28.0,39.0,web,4.0,3434,"Buen producto, la calidad es excelente y llegó rápido.",2025-01-16,Retail,9
2435,10.0,2888.88,354.01,89.0,68.0,móvil,9.0,3435,"Muy recomendable, volvería a comprar.",2025-04-09,Retail,5
2436,15.0,3383.78,371.46,108.0,64.0,tienda_fisica,3.0,3436,No estoy satisfecho con la compra.,2025-03-14,Servicios,6
2437,22.0,3769.65,473.86,96.0,36.0,móvil,6.0,3437,Excelente atención y variedad de productos.,2025-06-11,Ropa,6
2438,29.0,5782.28,222.0,4.0,28.0,web,15.0,3438,"El servicio fue regular, podría mejorar.",2025-06-09,Servicios,6
2439,16.0,5449.48,456.26,71.0,63.0,web,4.0,3439,El producto llegó defectuoso.,2025-07-22,Servicios,4
2440,8.0,5342.3,35.62,89.0,31.0,tienda_fisica,7.0,3440,Excelente atención y variedad de productos.,2025-05-11,Servicios,6
2441,14.0,8990.93,151.27,56.0,62.0,tienda_fisica,12.0,3441,El producto llegó defectuoso.,2025-05-17,Retail,4
2442,0.0,-100,,-10.0,-1.0,WEB,,3442,,2025-06-20,???,0
2443,999.0,-100,-50.0,,,WEB,50.0,3443,12345,2025-06-04,???,1
2444,,-100,,,-1.0,,50.0,3444,ok,2025-02-27,,1
2445,29.0,731.0,218.75,49.0,16.0,tienda_fisica,2.0,3445,El producto llegó defectuoso.,2025-06-07,Servicios,4
2446,3.0,938.79,311.63,52.0,3.0,web,13.0,3446,El producto llegó defectuoso.,2025-06-20,Servicios,4
2447,,-100,,400.0,-1.0,movil,,3447,ok,2025-09-17,???,1
2448,3.0,9886.95,407.34,26.0,38.0,web,15.0,3448,"Muy recomendable, volvería a comprar.",2025-12-13,Hogar,5
2449,,abc,,,-1.0,movil,-3.0,3449,ok,2025-04-29,electronica,1
2450,21.0,9795.21,93.05,100.0,20.0,web,4.0,3450,El producto llegó defectuoso.,2025-09-25,Electrónica,4
2451,22.0,1300.79,67.51,110.0,57.0,tienda_fisica,12.0,3451,Relación calidad-precio aceptable.,2025-04-17,Hogar,3
2452,22.0,7871.73,46.57,75.0,42.0,tienda_fisica,14.0,3452,Entrega rápida y buen empaque.,2025-12-14,Servicios,5
2453,9.0,342.3,363.75,74.0,11.0,web,7.0,3453,No estoy satisfecho con la compra.,2025-12-16,Ropa,6
2454,3.0,1930.31,405.69,102.0,34.0,móvil,14.0,3454,"El servicio fue regular, podría mejorar.",2025-01-10,Electrónica,6
2455,,-100,,,-1.0,123,-3.0,3455,producto,2025-12-20,electronica,1
2456,23.0,6624.63,180.98,91.0,16.0,móvil,5.0,3456,Entrega rápida y buen empaque.,2025-04-03,Ropa,5
2457,20.0,7501.02,225.32,43.0,38.0,móvil,3.0,3457,Relación calidad-precio aceptable.,2025-02-13,Retail,3
2458,28.0,4379.48,247.83,22.0,65.0,tienda_fisica,1.0,3458,Entrega rápida y buen empaque.,2025-01-07,Hogar,5
2459,,,,400.0,200.0,,,3459,,2025-12-23,???,0
2460,11.0,6757.87,411.74,92.0,28.0,tienda_fisica,9.0,3460,No estoy satisfecho con la compra.,2025-04-27,Servicios,6
2461,23.0,956.41,478.66,110.0,6.0,móvil,1.0,3461,"Muy recomendable, volvería a comprar.",2025-02-16,Retail,5
2462,5.0,6846.73,319.02,82.0,44.0,móvil,8.0,3462,"El servicio fue regular, podría mejorar.",2025-07-27,Ropa,6
2463,28.0,2742.31,499.56,73.0,39.0,tienda_fisica,9.0,3463,"Buen producto, la calidad es excelente y llegó rápido.",2025-05-25,Servicios,9
2464,,abc,,-10.0,200.0,movil,-3.0,3464,,2025-11-24,,0
2465,999.0,abc,,400.0,200.0,WEB,-3.0,3465,ok,2025-12-04,???,1
2466,999.0,,,400.0,,WEB,-3.0,3466,ok,2025-02-12,???,1
2467,999.0,-100,,-10.0,200.0,123,-3.0,3467,,2025-09-07,,0
2468,4.0,806.86,467.85,33.0,33.0,web,7.0,3468,El producto llegó defectuoso.,2025-12-31,Electrónica,4
2469,2.0,7594.57,239.59,103.0,39.0,web,3.0,3469,No estoy satisfecho con la compra.,2025-06-04,Ropa,6
2470,23.0,1888.01,258.58,93.0,62.0,móvil,5.0,3470,Entrega rápida y buen empaque.,2025-10-14,Servicios,5
2471,1.0,612.24,288.95,114.0,16.0,tienda_fisica,11.0,3471,"Muy recomendable, volvería a comprar.",2025-03-17,Hogar,5
2472,0.0,-100,-50.0,400.0,-1.0,WEB,-3.0,3472,,2025-07-27,electronica,0
2473,22.0,4088.37,369.45,19.0,70.0,tienda_fisica,7.0,3473,El producto llegó defectuoso.,2025-07-04,Electrónica,4
2474,27.0,5732.35,498.78,59.0,9.0,web,7.0,3474,No estoy satisfecho con la compra.,2025-06-07,Ropa,6
2475,4.0,7696.93,20.56,2.0,25.0,tienda_fisica,11.0,3475,Excelente atención y variedad de productos.,2025-08-30,Ropa,6
2476,-5.0,-100,,400.0,-1.0,123,50.0,3476,12345,2025-11-20,,1
2477,25.0,8085.45,298.42,22.0,5.0,tienda_fisica,8.0,3477,El producto llegó defectuoso.,2025-12-28,Hogar,4
2478,,abc,-50.0,400.0,200.0,123,50.0,3478,ok,2025-08-11,,1
2479,28.0,4123.19,348.38,79.0,53.0,móvil,6.0,3479,"Muy recomendable, volvería a comprar.",2025-01-31,Ropa,5
2480,13.0,3200.79,83.95,61.0,51.0,móvil,6.0,3480,Entrega rápida y buen empaque.,2025-12-13,Retail,5
2481,-5.0,,,,,123,50.0,3481,producto,2025-06-29,,1
2482,,-100,-50.0,-10.0,-1.0,,,3482,ok,2025-04-02,,1
2483,5.0,8459.31,206.69,116.0,33.0,web,6.0,3483,No estoy satisfecho con la compra.,2025-03-29,Electrónica,6
2484,8.0,150.59,457.05,98.0,5.0,móvil,8.0,3484,No estoy satisfecho con la compra.,2025-05-13,Hogar,6
2485,11.0,911.09,267.17,19.0,20.0,web,5.0,3485,No estoy satisfecho con la compra.,2025-08-27,Hogar,6
2486,5.0,3458.85,287.83,62.0,4.0,móvil,1.0,3486,"El servicio fue regular, podría mejorar.",2025-07-03,Retail,6
2487,20.0,9310.5,113.18,64.0,56.0,web,4.0,3487,El producto llegó defectuoso.,2025-04-22,Hogar,4
2488,23.0,4032.46,391.2,99.0,67.0,web,4.0,3488,Entrega rápida y buen empaque.,2025-08-27,Servicios,5
2489,0.0,,-50.0,-10.0,-1.0,WEB,-3.0,3489,,2025-04-28,???,0
2490,18.0,6944.62,169.85,84.0,27.0,tienda_fisica,5.0,3490,"Buen producto, la calidad es excelente y llegó rápido.",2025-01-18,Electrónica,9
2491,0.0,-100,-50.0,-10.0,200.0,,-3.0,3491,ok,2025-11-20,,1
2492,12.0,4016.31,387.7,11.0,17.0,tienda_fisica,6.0,3492,Relación calidad-precio aceptable.,2025-11-27,Servicios,3
2493,15.0,2230.25,68.49,68.0,48.0,tienda_fisica,13.0,3493,Relación calidad-precio aceptable.,2025-12-18,Electrónica,3
2494,18.0,214.8,489.08,81.0,50.0,móvil,5.0,3494,El producto llegó defectuoso.,2025-07-09,Hogar,4
2495,24.0,8328.39,89.16,48.0,63.0,móvil,11.0,3495,Relación calidad-precio aceptable.,2025-12-23,Retail,3
2496,14.0,2929.19,175.14,92.0,19.0,web,11.0,3496,Excelente atención y variedad de productos.,2025-08-19,Hogar,6
2497,,abc,-50.0,,200.0,123,-3.0,3497,producto,2025-09-27,???,1
2498,8.0,6052.14,314.53,78.0,60.0,web,15.0,3498,"Buen producto, la calidad es excelente y llegó rápido.",2025-12-13,Ropa,9
2499,23.0,3754.33,134.25,13.0,66.0,web,6.0,3499,"El servicio fue regular, podría mejorar.",2025-10-25,Servicios,6
2500,25.0,852.94,348.78,4.0,17.0,móvil,6.0,3500,Entrega rápida y buen empaque.,2025-01-06,Retail,5
2501,21.0,6727.39,37.68,83.0,59.0,móvil,4.0,3501,El producto llegó defectuoso.,2025-06-02,Ropa,4
2502,27.0,5704.0,345.7,55.0,32.0,móvil,3.0,3502,Relación calidad-precio aceptable.,2025-10-14,Electrónica,3
2503,29.0,7320.6,130.93,43.0,24.0,tienda_fisica,5.0,3503,"El servicio fue regular, podría mejorar.",2025-03-17,Ropa,6
2504,4.0,3286.28,291.67,52.0,31.0,móvil,15.0,3504,Excelente atención y variedad de productos.,2025-12-13,Servicios,6
2505,8.0,5985.88,143.44,44.0,37.0,web,1.0,3505,El producto llegó defectuoso.,2025-04-13,Ropa,4
2506,14.0,3654.82,393.77,84.0,48.0,móvil,4.0,3506,Relación calidad-precio aceptable.,2025-02-08,Retail,3
2507,2.0,583.07,374.4,12.0,3.0,tienda_fisica,11.0,3507,No estoy satisfecho con la compra.,2025-03-16,Hogar,6
2508,22.0,3791.63,347.79,22.0,45.0,móvil,12.0,3508,El producto llegó defectuoso.,2025-07-19,Servicios,4
2509,6.0,9473.38,118.16,118.0,65.0,móvil,8.0,3509,Excelente atención y variedad de productos.,2025-05-18,Servicios,6
2510,22.0,3944.8,402.54,75.0,16.0,tienda_fisica,1.0,3510,El producto llegó defectuoso.,2025-11-05,Electrónica,4
2511,-5.0,abc,,-10.0,200.0,123,-3.0,3511,12345,2025-07-31,???,1
2512,,abc,,400.0,,,-3.0,3512,12345,2025-09-05,,1
2513,20.0,2018.38,66.43,54.0,38.0,web,15.0,3513,"Buen producto, la calidad es excelente y llegó rápido.",2025-12-29,Ropa,9
2514,1.0,2891.36,380.59,105.0,32.0,móvil,12.0,3514,"El servicio fue regular, podría mejorar.",2025-05-20,Ropa,6
2515,30.0,4962.89,122.44,30.0,70.0,tienda_fisica,8.0,3515,Relación calidad-precio aceptable.,2025-10-09,Retail,3
2516,17.0,9436.68,34.4,43.0,50.0,tienda_fisica,7.0,3516,Excelente atención y variedad de productos.,2025-06-26,Retail,6
2517,15.0,5446.09,449.09,95.0,58.0,web,8.0,3517,No estoy satisfecho con la compra.,2025-02-16,Ropa,6
2518,15.0,2770.72,411.34,46.0,6.0,tienda_fisica,10.0,3518,No estoy satisfecho con la compra.,2025-07-26,Ropa,6
2519,13.0,1619.54,175.22,20.0,31.0,tienda_fisica,1.0,3519,"Buen producto, la calidad es excelente y llegó rápido.",2025-09-19,Servicios,9
2520,9.0,3963.15,311.96,82.0,22.0,tienda_fisica,5.0,3520,El producto llegó defectuoso.,2025-04-24,Ropa,4
2521,999.0,abc,,-10.0,-1.0,WEB,-3.0,3521,ok,2025-02-22,electronica,1
2522,17.0,4546.14,22.45,70.0,6.0,móvil,4.0,3522,No estoy satisfecho con la compra.,2025-06-19,Electrónica,6
2523,13.0,4300.31,454.26,76.0,8.0,móvil,4.0,3523,Relación calidad-precio aceptable.,2025-09-02,Ropa,3
2524,14.0,7359.82,299.76,85.0,11.0,móvil,7.0,3524,"Muy recomendable, volvería a comprar.",2025-02-11,Retail,5
2525,0.0,abc,,400.0,,,,3525,,2025-10-10,electronica,0
2526,21.0,5652.14,326.64,6.0,39.0,tienda_fisica,2.0,3526,"El servicio fue regular, podría mejorar.",2025-06-10,Ropa,6
2527,12.0,1353.67,281.03,92.0,52.0,web,1.0,3527,No estoy satisfecho con la compra.,2025-02-21,Servicios,6
2528,24.0,53.22,434.05,22.0,44.0,tienda_fisica,13.0,3528,Entrega rápida y buen empaque.,2025-09-04,Retail,5
2529,-5.0,-100,-50.0,,,123,,3529,,2025-02-18,,0
2530,13.0,7489.35,333.96,12.0,38.0,web,10.0,3530,"Buen producto, la calidad es excelente y llegó rápido.",2025-10-18,Retail,9
2531,21.0,7854.88,199.37,113.0,46.0,web,6.0,3531,El producto llegó defectuoso.,2025-03-03,Servicios,4
2532,27.0,9290.58,217.66,57.0,11.0,tienda_fisica,9.0,3532,No estoy satisfecho con la compra.,2025-08-10,Ropa,6
2533,1.0,5385.87,328.16,79.0,19.0,móvil,10.0,3533,"Muy recomendable, volvería a comprar.",2025-04-15,Electrónica,5
2534,16.0,9188.17,356.96,77.0,55.0,tienda_fisica,2.0,3534,"Buen producto, la calidad es excelente y llegó rápido.",2025-03-20,Retail,9
2535,3.0,7635.94,154.14,46.0,21.0,web,3.0,3535,Excelente atención y variedad de productos.,2025-01-22,Servicios,6
2536,27.0,2171.31,438.94,10.0,61.0,móvil,8.0,3536,"Buen producto, la calidad es excelente y llegó rápido.",2025-07-05,Electrónica,9
2537,23.0,4517.21,279.63,50.0,52.0,móvil,2.0,3537,Excelente atención y variedad de productos.,2025-02-04,Hogar,6
2538,24.0,376.61,130.19,8.0,50.0,web,10.0,3538,Excelente atención y variedad de productos.,2025-07-09,Hogar,6
2539,22.0,978.36,72.88,71.0,56.0,móvil,1.0,3539,"Muy recomendable, volvería a comprar.",2025-11-26,Retail,5
2540,0.0,abc,-50.0,-10.0,-1.0,,-3.0,3540,,2025-06-16,,0
2541,19.0,7220.4,85.12,55.0,20.0,tienda_fisica,4.0,3541,"Muy recomendable, volvería a comprar.",2025-02-28,Ropa,5
2542,18.0,6598.15,262.35,78.0,14.0,tienda_fisica,14.0,3542,El producto llegó defectuoso.,2025-01-11,Retail,4
2543,19.0,7639.96,432.89,7.0,37.0,tienda_fisica,6.0,3543,"El servicio fue regular, podría mejorar.",2025-01-16,Hogar,6
2544,-5.0,-100,,-10.0,200.0,,-3.0,3544,,2025-07-27,,0
2545,9.0,2588.33,402.2,53.0,6.0,web,15.0,3545,"Buen producto, la calidad es excelente y llegó rápido.",2025-10-05,Ropa,9
2546,30.0,1066.96,38.31,100.0,71.0,tienda_fisica,14.0,3546,"Muy recomendable, volvería a comprar.",2025-05-01,Ropa,5
2547,,abc,,-10.0,,123,-3.0,3547,ok,2025-10-30,electronica,1
2548,14.0,8285.57,352.31,59.0,34.0,tienda_fisica,6.0,3548,"Buen producto, la calidad es excelente y llegó rápido.",2025-07-23,Retail,9
2549,19.0,6555.92,253.81,19.0,36.0,tienda_fisica,2.0,3549,Entrega rápida y buen empaque.,2025-06-06,Servicios,5
2550,,,,,-1.0,123,,3550,ok,2025-04-08,,1
2551,15.0,4092.05,207.46,11.0,45.0,tienda_fisica,4.0,3551,Relación calidad-precio aceptable.,2025-01-23,Ropa,3
2552,999.0,-100,,,200.0,movil,50.0,3552,,2025-07-12,???,0
2553,5.0,9662.57,481.73,50.0,17.0,móvil,10.0,3553,"Buen producto, la calidad es excelente y llegó rápido.",2025-08-17,Ropa,9
2554,13.0,1414.2,365.2,52.0,56.0,web,1.0,3554,El producto llegó defectuoso.,2025-04-08,Electrónica,4
2555,999.0,abc,,,200.0,123,-3.0,3555,ok,2025-03-05,,1
2556,24.0,4936.16,348.23,6.0,21.0,móvil,2.0,3556,"Muy recomendable, volvería a comprar.",2025-07-06,Servicios,5
2557,3.0,7182.14,90.81,19.0,36.0,móvil,3.0,3557,No estoy satisfecho con la compra.,2025-04-14,Servicios,6
2558,-5.0,abc,,400.0,200.0,movil,50.0,3558,,2025-06-08,???,0
2559,4.0,3651.56,427.63,44.0,20.0,web,1.0,3559,Excelente atención y variedad de productos.,2025-11-17,Hogar,6
2560,7.0,7687.04,110.44,16.0,66.0,tienda_fisica,5.0,3560,Entrega rápida y buen empaque.,2025-07-10,Servicios,5
2561,10.0,6655.62,136.26,17.0,16.0,web,1.0,3561,No estoy satisfecho con la compra.,2025-11-06,Retail,6
2562,0.0,abc,-50.0,,200.0,WEB,50.0,3562,ok,2025-02-08,electronica,1
2563,0.0,,-50.0,400.0,200.0,,,3563,producto,2025-09-04,???,1
2564,2.0,7575.43,66.4,15.0,55.0,tienda_fisica,15.0,3564,Relación calidad-precio aceptable.,2025-09-29,Servicios,3
2565,-5.0,abc,-50.0,400.0,-1.0,,-3.0,3565,12345,2025-12-15,,1
2566,14.0,3470.85,242.32,99.0,56.0,web,13.0,3566,Excelente atención y variedad de productos.,2025-04-22,Retail,6
2567,15.0,9725.42,392.62,112.0,45.0,móvil,14.0,3567,"Muy recomendable, volvería a comprar.",2025-03-07,Ropa,5
2568,7.0,7502.41,496.23,106.0,20.0,tienda_fisica,6.0,3568,Excelente atención y variedad de productos.,2025-06-09,Retail,6
2569,0.0,,-50.0,-10.0,,WEB,50.0,3569,ok,2025-12-14,,1
2570,11.0,508.32,139.77,44.0,47.0,web,4.0,3570,"Buen producto, la calidad es excelente y llegó rápido.",2025-10-11,Ropa,9
2571,6.0,120.8,145.76,51.0,61.0,web,7.0,3571,"Muy recomendable, volvería a comprar.",2025-07-14,Ropa,5
2572,18.0,5482.52,257.67,42.0,65.0,tienda_fisica,8.0,3572,Excelente atención y variedad de productos.,2025-02-10,Electrónica,6
2573,11.0,2115.69,348.33,106.0,28.0,web,12.0,3573,"Muy recomendable, volvería a comprar.",2025-07-19,Electrónica,5
2574,12.0,7782.5,360.49,51.0,17.0,tienda_fisica,2.0,3574,"El servicio fue regular, podría mejorar.",2025-12-03,Servicios,6
2575,9.0,7914.01,146.4,1.0,16.0,móvil,1.0,3575,"El servicio fue regular, podría mejorar.",2025-07-18,Retail,6
2576,999.0,,,400.0,,movil,,3576,,2025-05-19,electronica,0
2577,4.0,8117.2,348.09,47.0,30.0,web,4.0,3577,"Muy recomendable, volvería a comprar.",2025-05-05,Electrónica,5
2578,20.0,4349.75,315.33,4.0,12.0,tienda_fisica,1.0,3578,Excelente atención y variedad de productos.,2025-01-24,Hogar,6
2579,10.0,3050.2,307.83,47.0,70.0,tienda_fisica,12.0,3579,No estoy satisfecho con la compra.,2025-07-02,Retail,6
2580,24.0,5330.3,263.16,108.0,61.0,tienda_fisica,9.0,3580,"El servicio fue regular, podría mejorar.",2025-07-26,Hogar,6
2581,0.0,,,-10.0,,WEB,,3581,ok,2025-04-23,,1
2582,30.0,2146.03,76.41,22.0,24.0,móvil,4.0,3582,"Buen producto, la calidad es excelente y llegó rápido.",2025-11-05,Retail,9
2583,-5.0,,,-10.0,200.0,123,-3.0,3583,12345,2025-06-09,,1
2584,26.0,3993.61,242.4,59.0,61.0,tienda_fisica,12.0,3584,No estoy satisfecho con la compra.,2025-09-12,Ropa,6
2585,999.0,,,,,,-3.0,3585,,2025-01-02,,0
2586,6.0,8555.33,283.82,20.0,16.0,móvil,14.0,3586,Excelente atención y variedad de productos.,2025-04-03,Hogar,6
2587,4.0,5831.23,465.41,110.0,65.0,tienda_fisica,7.0,3587,Excelente atención y variedad de productos.,2025-10-03,Ropa,6
2588,0.0,,,400.0,-1.0,123,50.0,3588,12345,2025-04-16,electronica,1
2589,999.0,abc,-50.0,400.0,-1.0,,,3589,ok,2025-07-25,electronica,1
2590,18.0,3555.53,131.17,24.0,26.0,móvil,5.0,3590,Relación calidad-precio aceptable.,2025-12-01,Electrónica,3
2591,19.0,8788.9,289.96,15.0,67.0,web,11.0,3591,Relación calidad-precio aceptable.,2025-06-08,Retail,3
2592,5.0,9670.37,107.03,4.0,50.0,móvil,12.0,3592,"El servicio fue regular, podría mejorar.",2025-05-01,Retail,6
2593,25.0,7089.83,167.33,91.0,29.0,tienda_fisica,13.0,3593,"Muy recomendable, volvería a comprar.",2025-07-12,Electrónica,5
2594,999.0,abc,,400.0,,123,,3594,,2025-10-10,,0
2595,6.0,778.85,138.44,74.0,26.0,tienda_fisica,15.0,3595,Relación calidad-precio aceptable.,2025-02-23,Retail,3
2596,,abc,,-10.0,,,,3596,12345,2025-08-25,,1
2597,12.0,5701.16,193.22,72.0,55.0,móvil,2.0,3597,"Muy recomendable, volvería a comprar.",2025-04-17,Hogar,5
2598,9.0,9984.28,55.03,45.0,29.0,móvil,13.0,3598,"Muy recomendable, volvería a comprar.",2025-10-12,Electrónica,5
2599,999.0,,-50.0,-10.0,-1.0,123,50.0,3599,,2025-11-07,electronica,0
2600,,-100,-50.0,-10.0,-1.0,,-3.0,3600,,2025-04-25,???,0
2601,10.0,2866.44,379.7,53.0,33.0,móvil,8.0,3601,"Buen producto, la calidad es excelente y llegó rápido.",2025-11-13,Retail,9
2602,-5.0,-100,-50.0,400.0,200.0,,,3602,producto,2025-02-19,electronica,1
2603,23.0,6075.72,169.7,81.0,12.0,móvil,6.0,3603,"Muy recomendable, volvería a comprar.",2025-09-04,Retail,5
2604,999.0,,-50.0,,,,-3.0,3604,12345,2025-01-19,???,1
2605,26.0,1853.19,112.96,24.0,56.0,móvil,5.0,3605,"Buen producto, la calidad es excelente y llegó rápido.",2025-04-25,Electrónica,9
2606,19.0,5680.75,490.84,115.0,35.0,web,15.0,3606,El producto llegó defectuoso.,2025-07-05,Retail,4
2607,12.0,9154.3,233.09,26.0,21.0,móvil,13.0,3607,Entrega rápida y buen empaque.,2025-09-08,Electrónica,5
2608,10.0,6794.4,66.02,60.0,64.0,web,4.0,3608,Entrega rápida y buen empaque.,2025-11-17,Electrónica,5
2609,27.0,9665.8,223.53,44.0,53.0,tienda_fisica,9.0,3609,"Buen producto, la calidad es excelente y llegó rápido.",2025-10-10,Hogar,9
2610,25.0,675.22,465.39,68.0,44.0,tienda_fisica,11.0,3610,El producto llegó defectuoso.,2025-11-06,Ropa,4
2611,16.0,8626.82,412.57,107.0,38.0,móvil,14.0,3611,El producto llegó defectuoso.,2025-04-19,Ropa,4
2612,9.0,8842.9,44.51,49.0,26.0,web,3.0,3612,Relación calidad-precio aceptable.,2025-09-08,Hogar,3
2613,20.0,3967.4,438.5,34.0,43.0,móvil,9.0,3613,Entrega rápida y buen empaque.,2025-08-16,Hogar,5
2614,27.0,5854.51,147.24,57.0,11.0,móvil,6.0,3614,Relación calidad-precio aceptable.,2025-07-01,Hogar,3
2615,28.0,4461.36,141.32,41.0,5.0,tienda_fisica,12.0,3615,Relación calidad-precio aceptable.,2025-11-23,Servicios,3
2616,999.0,,-50.0,400.0,200.0,,-3.0,3616,,2025-10-14,electronica,0
2617,11.0,8791.02,328.01,34.0,43.0,tienda_fisica,15.0,3617,El producto llegó defectuoso.,2025-01-14,Ropa,4
2618,-5.0,,-50.0,,-1.0,movil,50.0,3618,producto,2025-04-21,electronica,1
2619,0.0,-100,-50.0,-10.0,,123,50.0,3619,12345,2025-07-14,electronica,1
2620,-5.0,,-50.0,,-1.0,123,-3.0,3620,ok,2025-05-21,,1
2621,0.0,abc,,-10.0,,,-3.0,3621,,2025-01-24,???,0
2622,17.0,2343.09,275.82,81.0,56.0,web,4.0,3622,Entrega rápida y buen empaque.,2025-04-14,Hogar,5
2623,21.0,4299.06,352.0,101.0,51.0,móvil,14.0,3623,Relación calidad-precio aceptable.,2025-08-10,Hogar,3
2624,29.0,4882.64,414.67,74.0,61.0,web,5.0,3624,Excelente atención y variedad de productos.,2025-02-27,Servicios,6
2625,,-100,-50.0,-10.0,-1.0,WEB,-3.0,3625,producto,2025-11-18,,1
2626,22.0,8744.83,177.39,51.0,39.0,web,9.0,3626,"El servicio fue regular, podría mejorar.",2025-05-15,Hogar,6
2627,7.0,5207.78,498.01,111.0,3.0,móvil,7.0,3627,"Muy recomendable, volvería a comprar.",2025-02-14,Hogar,5
2628,,,,400.0,200.0,WEB,-3.0,3628,12345,2025-06-24,electronica,1
2629,-5.0,-100,,-10.0,200.0,movil,,3629,12345,2025-09-28,,1
2630,16.0,897.7,426.15,90.0,70.0,móvil,11.0,3630,"Buen producto, la calidad es excelente y llegó rápido.",2025-03-03,Hogar,9
2631,29.0,7201.86,462.77,111.0,28.0,tienda_fisica,10.0,3631,No estoy satisfecho con la compra.,2025-02-26,Servicios,6
2632,,abc,,400.0,-1.0,,50.0,3632,ok,2025-04-17,???,1
2633,30.0,5030.46,24.31,118.0,65.0,web,13.0,3633,El producto llegó defectuoso.,2025-01-06,Hogar,4
2634,28.0,6429.74,77.17,4.0,55.0,web,5.0,3634,El producto llegó defectuoso.,2025-01-21,Electrónica,4
2635,25.0,5401.53,329.83,57.0,68.0,móvil,12.0,3635,No estoy satisfecho con la compra.,2025-05-18,Ropa,6
2636,9.0,5199.57,389.01,60.0,28.0,web,7.0,3636,No estoy satisfecho con la compra.,2025-06-18,Electrónica,6
2637,29.0,2660.09,82.06,24.0,66.0,tienda_fisica,1.0,3637,Relación calidad-precio aceptable.,2025-11-11,Electrónica,3
2638,0.0,abc,,,-1.0,,50.0,3638,producto,2025-02-12,???,1
2639,24.0,6260.54,417.74,34.0,35.0,tienda_fisica,15.0,3639,Entrega rápida y buen empaque.,2025-01-22,Ropa,5
2640,24.0,5896.86,31.5,24.0,5.0,tienda_fisica,8.0,3640,Entrega rápida y buen empaque.,2025-11-17,Ropa,5
2641,5.0,4262.09,320.0,7.0,16.0,móvil,12.0,3641,Entrega rápida y buen empaque.,2025-07-05,Electrónica,5
2642,999.0,,-50.0,-10.0,-1.0,,50.0,3642,producto,2025-03-26,,1
2643,9.0,9692.08,489.67,4.0,57.0,móvil,10.0,3643,Entrega rápida y buen empaque.,2025-11-26,Hogar,5
2644,26.0,1841.01,242.2,119.0,21.0,móvil,1.0,3644,"Buen producto, la calidad es excelente y llegó rápido.",2025-03-02,Retail,9
2645,-5.0,abc,,-10.0,-1.0,123,,3645,,2025-03-07,electronica,0
2646,999.0,abc,-50.0,-10.0,,123,50.0,3646,,2025-03-05,,0
2647,30.0,9678.65,456.58,45.0,39.0,web,9.0,3647,No estoy satisfecho con la compra.,2025-05-28,Ropa,6
2648,15.0,7577.05,253.0,58.0,27.0,web,10.0,3648,Entrega rápida y buen empaque.,2025-09-27,Ropa,5
2649,21.0,6815.1,133.62,107.0,14.0,web,6.0,3649,Entrega rápida y buen empaque.,2025-02-13,Retail,5
2650,25.0,5176.44,86.28,120.0,36.0,móvil,14.0,3650,No estoy satisfecho con la compra.,2025-03-09,Servicios,6
2651,6.0,8714.69,195.26,60.0,54.0,web,13.0,3651,Entrega rápida y buen empaque.,2025-09-28,Ropa,5
2652,29.0,3417.56,39.69,7.0,66.0,tienda_fisica,2.0,3652,Entrega rápida y buen empaque.,2025-10-22,Electrónica,5
2653,28.0,3068.15,376.04,59.0,50.0,tienda_fisica,2.0,3653,Entrega rápida y buen empaque.,2025-12-12,Ropa,5
2654,19.0,7407.54,444.69,109.0,42.0,web,12.0,3654,Relación calidad-precio aceptable.,2025-01-16,Retail,3
2655,14.0,7132.86,39.71,118.0,43.0,web,1.0,3655,Relación calidad-precio aceptable.,2025-08-16,Retail,3
2656,12.0,7849.35,308.64,103.0,27.0,móvil,6.0,3656,Entrega rápida y buen empaque.,2025-06-20,Ropa,5
2657,22.0,1567.81,230.55,43.0,39.0,web,8.0,3657,Excelente atención y variedad de productos.,2025-08-20,Electrónica,6
2658,19.0,8745.1,197.57,113.0,16.0,móvil,3.0,3658,Entrega rápida y buen empaque.,2025-04-22,Retail,5
2659,16.0,5981.54,315.53,3.0,64.0,web,1.0,3659,No estoy satisfecho con la compra.,2025-12-30,Retail,6
2660,,abc,,400.0,200.0,movil,50.0,3660,producto,2025-08-02,electronica,1
2661,14.0,1369.09,345.32,44.0,54.0,móvil,11.0,3661,El producto llegó defectuoso.,2025-09-08,Electrónica,4
2662,0.0,,-50.0,-10.0,,movil,,3662,producto,2025-08-17,electronica,1
2663,-5.0,-100,-50.0,,-1.0,,50.0,3663,ok,2025-09-05,???,1
2664,27.0,3709.79,74.32,81.0,26.0,web,5.0,3664,Relación calidad-precio aceptable.,2025-02-22,Electrónica,3
2665,11.0,2865.03,194.98,72.0,31.0,tienda_fisica,13.0,3665,"Buen producto, la calidad es excelente y llegó rápido.",2025-05-29,Electrónica,9
2666,30.0,4379.66,109.92,16.0,55.0,tienda_fisica,9.0,3666,Entrega rápida y buen empaque.,2025-12-06,Retail,5
2667,999.0,abc,-50.0,400.0,200.0,movil,,3667,12345,2025-01-04,???,1
2668,999.0,abc,-50.0,,-1.0,123,-3.0,3668,,2025-08-31,,0
2669,,-100,-50.0,400.0,200.0,movil,50.0,3669,producto,2025-08-22,???,1
2670,29.0,509.95,470.3,88.0,32.0,web,14.0,3670,El producto llegó defectuoso.,2025-02-05,Hogar,4
2671,21.0,6808.21,490.17,5.0,48.0,móvil,6.0,3671,Entrega rápida y buen empaque.,2025-10-10,Electrónica,5
2672,,-100,-50.0,-10.0,-1.0,,,3672,,2025-05-26,,0
2673,0.0,abc,,-10.0,,123,50.0,3673,,2025-01-22,,0
2674,999.0,abc,-50.0,400.0,-1.0,,50.0,3674,producto,2025-09-30,,1
2675,15.0,5221.34,381.29,53.0,58.0,tienda_fisica,7.0,3675,Relación calidad-precio aceptable.,2025-07-26,Retail,3
2676,0.0,,-50.0,-10.0,,movil,-3.0,3676,,2025-07-27,,0
2677,24.0,8170.91,167.34,109.0,4.0,móvil,5.0,3677,Excelente atención y variedad de productos.,2025-08-26,Retail,6
2678,20.0,8213.29,215.1,57.0,42.0,web,9.0,3678,"Muy recomendable, volvería a comprar.",2025-02-17,Servicios,5
2679,27.0,8554.64,150.86,73.0,22.0,tienda_fisica,5.0,3679,"Muy recomendable, volvería a comprar.",2025-07-18,Hogar,5
2680,30.0,9501.23,204.33,79.0,28.0,tienda_fisica,13.0,3680,Relación calidad-precio aceptable.,2025-10-19,Electrónica,3
2681,26.0,3304.01,407.88,52.0,40.0,móvil,11.0,3681,"El servicio fue regular, podría mejorar.",2025-03-15,Servicios,6
2682,999.0,abc,-50.0,400.0,200.0,movil,,3682,,2025-05-18,,0
2683,14.0,6693.34,407.75,9.0,16.0,tienda_fisica,11.0,3683,El producto llegó defectuoso.,2025-10-03,Hogar,4
2684,0.0,,,400.0,,WEB,-3.0,3684,,2025-04-06,,0
2685,8.0,4885.41,287.84,35.0,7.0,web,7.0,3685,No estoy satisfecho con la compra.,2025-12-12,Hogar,6
2686,16.0,9203.18,359.29,67.0,42.0,web,8.0,3686,El producto llegó defectuoso.,2025-09-14,Ropa,4
2687,999.0,abc,,400.0,,movil,50.0,3687,ok,2025-07-24,electronica,1
2688,17.0,3884.46,344.96,7.0,46.0,tienda_fisica,6.0,3688,"Muy recomendable, volvería a comprar.",2025-02-04,Retail,5
2689,21.0,4272.27,326.79,78.0,34.0,web,4.0,3689,"Muy recomendable, volvería a comprar.",2025-08-01,Hogar,5
2690,12.0,4140.31,142.57,56.0,46.0,web,4.0,3690,"Buen producto, la calidad es excelente y llegó rápido.",2025-05-09,Hogar,9
2691,10.0,1551.71,490.73,66.0,56.0,web,8.0,3691,"Buen producto, la calidad es excelente y llegó rápido.",2025-05-09,Electrónica,9
2692,2.0,2533.12,59.75,74.0,12.0,web,10.0,3692,Excelente atención y variedad de productos.,2025-09-28,Retail,6
2693,,abc,-50.0,-10.0,-1.0,,,3693,12345,2025-10-08,electronica,1
2694,0.0,-100,-50.0,400.0,200.0,123,50.0,3694,ok,2025-09-01,,1
2695,28.0,4925.19,303.7,92.0,7.0,móvil,13.0,3695,Excelente atención y variedad de productos.,2025-05-23,Servicios,6
2696,999.0,-100,-50.0,400.0,,WEB,-3.0,3696,,2025-01-20,,0
2697,17.0,2709.35,240.38,108.0,38.0,web,10.0,3697,"El servicio fue regular, podría mejorar.",2025-07-28,Ropa,6
2698,28.0,1370.42,29.09,24.0,45.0,tienda_fisica,10.0,3698,Entrega rápida y buen empaque.,2025-11-14,Electrónica,5
2699,11.0,9040.48,261.82,25.0,6.0,web,5.0,3699,No estoy satisfecho con la compra.,2025-01-04,Retail,6
2700,8.0,449.48,56.87,77.0,20.0,móvil,15.0,3700,"El servicio fue regular, podría mejorar.",2025-03-13,Retail,6
2701,,-100,,-10.0,,123,,3701,ok,2025-05-03,???,1
2702,8.0,872.71,80.6,37.0,32.0,web,13.0,3702,Relación calidad-precio aceptable.,2025-02-14,Electrónica,3
2703,999.0,-100,-50.0,-10.0,-1.0,,,3703,ok,2025-02-14,???,1
2704,14.0,7640.21,140.26,42.0,43.0,móvil,6.0,3704,"Buen producto, la calidad es excelente y llegó rápido.",2025-03-18,Retail,9
2705,13.0,6309.11,247.07,8.0,19.0,web,8.0,3705,No estoy satisfecho con la compra.,2025-06-10,Electrónica,6
2706,999.0,-100,,400.0,-1.0,,,3706,12345,2025-08-25,electronica,1
2707,23.0,5249.37,427.71,59.0,26.0,web,13.0,3707,"El servicio fue regular, podría mejorar.",2025-04-03,Servicios,6
2708,25.0,6977.8,131.05,81.0,48.0,móvil,5.0,3708,No estoy satisfecho con la compra.,2025-09-29,Servicios,6
2709,999.0,,,-10.0,,123,50.0,3709,,2025-06-01,electronica,0
2710,0.0,,-50.0,,200.0,,,3710,,2025-07-31,,0
2711,19.0,294.27,365.96,39.0,9.0,móvil,14.0,3711,"El servicio fue regular, podría mejorar.",2025-12-01,Retail,6
2712,25.0,3194.83,43.95,29.0,25.0,móvil,5.0,3712,"Buen producto, la calidad es excelente y llegó rápido.",2025-07-20,Retail,9
2713,14.0,2070.67,134.3,41.0,62.0,tienda_fisica,12.0,3713,No estoy satisfecho con la compra.,2025-07-08,Servicios,6
2714,1.0,5797.51,279.32,37.0,16.0,web,7.0,3714,"Buen producto, la calidad es excelente y llegó rápido.",2025-05-15,Hogar,9
2715,-5.0,,-50.0,400.0,,,,3715,,2025-02-01,,0
2716,0.0,abc,-50.0,-10.0,200.0,WEB,50.0,3716,producto,2025-08-29,electronica,1
2717,-5.0,,,400.0,,123,,3717,12345,2025-01-19,electronica,1
2718,23.0,7753.6,134.71,98.0,9.0,web,1.0,3718,No estoy satisfecho con la compra.,2025-12-18,Hogar,6
2719,0.0,-100,-50.0,,200.0,movil,-3.0,3719,12345,2025-07-12,,1
2720,,abc,,-10.0,,,,3720,producto,2025-12-27,,1
2721,27.0,1534.96,375.22,74.0,26.0,tienda_fisica,15.0,3721,Entrega rápida y buen empaque.,2025-07-08,Retail,5
2722,28.0,3718.28,296.74,51.0,24.0,tienda_fisica,14.0,3722,El producto llegó defectuoso.,2025-01-07,Hogar,4
2723,5.0,6542.9,366.19,58.0,15.0,tienda_fisica,10.0,3723,El producto llegó defectuoso.,2025-12-05,Retail,4
2724,30.0,8310.44,335.67,101.0,9.0,móvil,2.0,3724,Excelente atención y variedad de productos.,2025-10-15,Electrónica,6
2725,20.0,8867.2,398.21,56.0,1.0,web,10.0,3725,"Buen producto, la calidad es excelente y llegó rápido.",2025-11-29,Electrónica,9
2726,-5.0,abc,,-10.0,-1.0,movil,-3.0,3726,producto,2025-03-11,,1
2727,12.0,9294.21,405.09,86.0,68.0,móvil,8.0,3727,"Buen producto, la calidad es excelente y llegó rápido.",2025-08-27,Servicios,9
2728,9.0,6726.69,242.79,90.0,50.0,móvil,9.0,3728,"El servicio fue regular, podría mejorar.",2025-03-08,Electrónica,6
2729,14.0,6492.42,391.0,77.0,52.0,web,5.0,3729,Entrega rápida y buen empaque.,2025-08-11,Electrónica,5
2730,,abc,,,200.0,,50.0,3730,,2025-12-18,???,0
2731,-5.0,,-50.0,-10.0,,123,,3731,,2025-05-03,,0
2732,26.0,2858.98,274.71,86.0,23.0,tienda_fisica,6.0,3732,"Muy recomendable, volvería a comprar.",2025-01-23,Ropa,5
2733,999.0,abc,,400.0,200.0,movil,,3733,12345,2025-11-24,,1
2734,18.0,1350.64,74.24,94.0,64.0,móvil,5.0,3734,"El servicio fue regular, podría mejorar.",2025-09-18,Ropa,6
2735,20.0,2425.64,434.39,79.0,43.0,móvil,11.0,3735,"Muy recomendable, volvería a comprar.",2025-10-09,Hogar,5
2736,999.0,abc,,-10.0,-1.0,123,,3736,ok,2025-03-16,,1
2737,2.0,6985.43,448.19,55.0,16.0,web,3.0,3737,No estoy satisfecho con la compra.,2025-07-15,Ropa,6
2738,19.0,4231.28,300.93,25.0,27.0,web,6.0,3738,"El servicio fue regular, podría mejorar.",2025-05-03,Ropa,6
2739,25.0,5573.37,287.27,6.0,42.0,web,11.0,3739,No estoy satisfecho con la compra.,2025-07-21,Electrónica,6
2740,8.0,2392.45,424.69,23.0,55.0,tienda_fisica,12.0,3740,Entrega rápida y buen empaque.,2025-03-29,Hogar,5
2741,999.0,,,400.0,-1.0,123,-3.0,3741,producto,2025-04-06,electronica,1
2742,10.0,7472.79,78.67,30.0,22.0,móvil,13.0,3742,No estoy satisfecho con la compra.,2025-03-07,Ropa,6
2743,999.0,abc,,,-1.0,WEB,-3.0,3743,12345,2025-10-18,,1
2744,27.0,7592.45,331.22,41.0,42.0,tienda_fisica,8.0,3744,Entrega rápida y buen empaque.,2025-12-21,Hogar,5
2745,15.0,3041.52,55.6,17.0,39.0,tienda_fisica,4.0,3745,"El servicio fue regular, podría mejorar.",2025-06-04,Hogar,6
2746,17.0,9253.67,56.72,89.0,43.0,web,8.0,3746,No estoy satisfecho con la compra.,2025-06-30,Retail,6
2747,0.0,-100,,400.0,-1.0,123,50.0,3747,12345,2025-04-07,,1
2748,21.0,3555.77,220.5,113.0,33.0,tienda_fisica,4.0,3748,"Muy recomendable, volvería a comprar.",2025-04-13,Retail,5
2749,29.0,8276.5,241.09,1.0,67.0,móvil,9.0,3749,El producto llegó defectuoso.,2025-06-11,Ropa,4
2750,,,-50.0,-10.0,200.0,,-3.0,3750,,2025-01-09,electronica,0
2751,0.0,,,400.0,-1.0,,-3.0,3751,ok,2025-01-01,???,1
2752,999.0,abc,-50.0,-10.0,-1.0,123,50.0,3752,producto,2025-10-28,,1
2753,,abc,-50.0,-10.0,-1.0,,,3753,,2025-09-13,electronica,0
2754,,,-50.0,400.0,-1.0,WEB,,3754,12345,2025-05-27,electronica,1
2755,6.0,3053.78,471.59,117.0,42.0,tienda_fisica,5.0,3755,El producto llegó defectuoso.,2025-08-02,Servicios,4
2756,27.0,2343.62,360.34,102.0,50.0,web,10.0,3756,"El servicio fue regular, podría mejorar.",2025-12-30,Servicios,6
2757,1.0,4927.4,432.85,97.0,57.0,web,4.0,3757,Relación calidad-precio aceptable.,2025-12-08,Servicios,3
2758,-5.0,abc,,,,movil,50.0,3758,12345,2025-01-26,???,1
2759,26.0,7924.53,464.64,68.0,10.0,web,1.0,3759,"Buen producto, la calidad es excelente y llegó rápido.",2025-08-15,Hogar,9
2760,7.0,3406.11,55.79,81.0,11.0,móvil,12.0,3760,El producto llegó defectuoso.,2025-04-01,Electrónica,4
2761,-5.0,,,,-1.0,WEB,,3761,ok,2025-09-21,,1
2762,,abc,-50.0,400.0,200.0,123,,3762,12345,2025-05-19,electronica,1
2763,999.0,,-50.0,-10.0,200.0,WEB,,3763,12345,2025-11-02,,1
2764,23.0,7602.23,173.36,15.0,57.0,web,11.0,3764,El producto llegó defectuoso.,2025-11-10,Retail,4
2765,0.0,abc,-50.0,400.0,,movil,-3.0,3765,producto,2025-06-05,???,1
2766,21.0,6871.46,332.2,21.0,35.0,web,9.0,3766,"El servicio fue regular, podría mejorar.",2025-02-27,Electrónica,6
2767,0.0,abc,,400.0,200.0,movil,,3767,,2025-10-23,,0
2768,28.0,1725.66,174.29,1.0,16.0,tienda_fisica,14.0,3768,Relación calidad-precio aceptable.,2025-03-25,Electrónica,3
2769,10.0,8905.79,93.03,80.0,65.0,web,11.0,3769,"Muy recomendable, volvería a comprar.",2025-06-04,Electrónica,5
2770,13.0,3671.67,162.7,10.0,70.0,móvil,3.0,3770,El producto llegó defectuoso.,2025-08-26,Ropa,4
2771,999.0,,,400.0,-1.0,123,,3771,,2025-06-09,,0
2772,30.0,9668.3,111.87,20.0,15.0,tienda_fisica,9.0,3772,"El servicio fue regular, podría mejorar.",2025-12-02,Ropa,6
2773,-5.0,abc,,-10.0,-1.0,,-3.0,3773,,2025-07-03,,0
2774,10.0,1871.16,140.34,92.0,2.0,tienda_fisica,12.0,3774,No estoy satisfecho con la compra.,2025-03-06,Servicios,6
2775,999.0,,-50.0,400.0,-1.0,movil,-3.0,3775,,2025-01-06,???,0
2776,6.0,2455.33,223.48,103.0,6.0,móvil,14.0,3776,Relación calidad-precio aceptable.,2025-08-18,Servicios,3
2777,20.0,9191.22,114.99,82.0,69.0,web,8.0,3777,Excelente atención y variedad de productos.,2025-11-24,Retail,6
2778,10.0,565.5,278.76,113.0,64.0,móvil,8.0,3778,"Muy recomendable, volvería a comprar.",2025-03-10,Hogar,5
2779,,abc,-50.0,-10.0,-1.0,,-3.0,3779,,2025-12-24,electronica,0
2780,999.0,-100,,,-1.0,movil,,3780,,2025-05-22,,0
2781,999.0,abc,-50.0,400.0,-1.0,movil,,3781,,2025-08-11,electronica,0
2782,23.0,1893.54,286.66,14.0,71.0,tienda_fisica,3.0,3782,Entrega rápida y buen empaque.,2025-09-19,Servicios,5
2783,25.0,8350.28,283.65,55.0,67.0,móvil,1.0,3783,Excelente atención y variedad de productos.,2025-09-02,Servicios,6
2784,6.0,6524.6,131.48,116.0,59.0,tienda_fisica,13.0,3784,Relación calidad-precio aceptable.,2025-11-30,Electrónica,3
2785,0.0,-100,-50.0,400.0,,123,50.0,3785,producto,2025-10-24,electronica,1
2786,11.0,2531.99,359.41,93.0,8.0,tienda_fisica,6.0,3786,No estoy satisfecho con la compra.,2025-01-04,Electrónica,6
2787,16.0,3780.81,367.14,71.0,39.0,tienda_fisica,10.0,3787,"Muy recomendable, volvería a comprar.",2025-05-25,Electrónica,5
2788,7.0,7833.27,238.91,65.0,54.0,tienda_fisica,12.0,3788,El producto llegó defectuoso.,2025-08-01,Ropa,4
2789,-5.0,,,-10.0,200.0,,,3789,producto,2025-10-10,,1
2790,0.0,,,,-1.0,movil,-3.0,3790,,2025-04-07,electronica,0
2791,12.0,2976.75,299.28,27.0,46.0,tienda_fisica,2.0,3791,"El servicio fue regular, podría mejorar.",2025-12-27,Retail,6
2792,16.0,3120.79,71.48,30.0,55.0,web,4.0,3792,El producto llegó defectuoso.,2025-07-25,Electrónica,4
2793,28.0,3384.99,34.61,9.0,63.0,tienda_fisica,4.0,3793,"Buen producto, la calidad es excelente y llegó rápido.",2025-09-12,Ropa,9
2794,9.0,1386.37,435.76,63.0,65.0,web,13.0,3794,No estoy satisfecho con la compra.,2025-08-27,Servicios,6
2795,7.0,6351.34,281.6,18.0,67.0,web,2.0,3795,Excelente atención y variedad de productos.,2025-08-14,Servicios,6
2796,,abc,,400.0,200.0,123,50.0,3796,ok,2025-06-13,,1
2797,15.0,7504.58,475.04,55.0,32.0,web,13.0,3797,Excelente atención y variedad de productos.,2025-09-12,Electrónica,6
2798,10.0,6082.94,477.91,31.0,14.0,web,15.0,3798,"El servicio fue regular, podría mejorar.",2025-01-09,Electrónica,6
2799,8.0,585.69,227.35,99.0,43.0,tienda_fisica,13.0,3799,Excelente atención y variedad de productos.,2025-10-25,Hogar,6
2800,8.0,8149.69,275.62,66.0,3.0,tienda_fisica,4.0,3800,"Buen producto, la calidad es excelente y llegó rápido.",2025-12-27,Electrónica,9
2801,22.0,422.47,41.38,9.0,65.0,tienda_fisica,3.0,3801,"El servicio fue regular, podría mejorar.",2025-06-05,Retail,6
2802,-5.0,,-50.0,-10.0,200.0,movil,,3802,producto,2025-08-05,,1
2803,999.0,abc,-50.0,-10.0,-1.0,123,,3803,producto,2025-10-18,???,1
2804,22.0,1327.17,29.89,25.0,40.0,móvil,11.0,3804,No estoy satisfecho con la compra.,2025-09-11,Electrónica,6
2805,0.0,-100,-50.0,,,WEB,-3.0,3805,ok,2025-01-24,electronica,1
2806,3.0,169.27,160.3,26.0,16.0,móvil,4.0,3806,"Buen producto, la calidad es excelente y llegó rápido.",2025-06-22,Hogar,9
2807,5.0,520.88,246.73,19.0,17.0,tienda_fisica,11.0,3807,Relación calidad-precio aceptable.,2025-04-29,Hogar,3
2808,5.0,6586.52,254.78,102.0,10.0,móvil,12.0,3808,"Muy recomendable, volvería a comprar.",2025-09-25,Hogar,5
2809,23.0,5559.57,427.52,59.0,63.0,tienda_fisica,7.0,3809,"Muy recomendable, volvería a comprar.",2025-09-01,Ropa,5
2810,17.0,4829.81,335.02,17.0,28.0,móvil,10.0,3810,No estoy satisfecho con la compra.,2025-10-02,Electrónica,6
2811,999.0,abc,-50.0,-10.0,,123,50.0,3811,producto,2025-09-01,,1
2812,,,,400.0,200.0,movil,,3812,,2025-09-19,electronica,0
2813,9.0,1179.02,286.65,88.0,4.0,web,8.0,3813,No estoy satisfecho con la compra.,2025-10-24,Hogar,6
2814,21.0,6355.13,71.33,113.0,63.0,móvil,13.0,3814,No estoy satisfecho con la compra.,2025-06-13,Electrónica,6
2815,25.0,9845.37,326.03,31.0,51.0,tienda_fisica,12.0,3815,"El servicio fue regular, podría mejorar.",2025-03-13,Servicios,6
2816,0.0,-100,-50.0,,-1.0,movil,50.0,3816,producto,2025-10-16,electronica,1
2817,,,,-10.0,-1.0,,-3.0,3817,,2025-08-28,???,0
2818,15.0,5611.27,153.97,8.0,45.0,web,6.0,3818,No estoy satisfecho con la compra.,2025-12-16,Retail,6
2819,22.0,3230.12,155.56,98.0,5.0,tienda_fisica,8.0,3819,No estoy satisfecho con la compra.,2025-09-22,Retail,6
2820,15.0,7000.51,261.6,68.0,69.0,tienda_fisica,13.0,3820,"Muy recomendable, volvería a comprar.",2025-10-28,Hogar,5
2821,25.0,9253.65,375.33,59.0,18.0,web,11.0,3821,"El servicio fue regular, podría mejorar.",2025-12-08,Servicios,6
2822,,,-50.0,-10.0,-1.0,movil,,3822,producto,2025-07-26,,1
2823,-5.0,,-50.0,-10.0,200.0,,,3823,12345,2025-10-10,electronica,1
2824,9.0,9512.81,91.49,56.0,17.0,móvil,13.0,3824,El producto llegó defectuoso.,2025-05-30,Electrónica,4
2825,999.0,,-50.0,-10.0,-1.0,,-3.0,3825,ok,2025-09-15,,1
2826,6.0,3296.68,392.75,89.0,37.0,web,11.0,3826,No estoy satisfecho con la compra.,2025-05-31,Servicios,6
2827,0.0,,,400.0,,,50.0,3827,,2025-10-17,???,0
2828,25.0,2177.21,392.38,34.0,30.0,móvil,9.0,3828,"Buen producto, la calidad es excelente y llegó rápido.",2025-02-21,Retail,9
2829,9.0,4069.24,295.33,37.0,60.0,móvil,1.0,3829,Excelente atención y variedad de productos.,2025-05-25,Ropa,6
2830,2.0,977.78,224.48,37.0,32.0,web,3.0,3830,No estoy satisfecho con la compra.,2025-05-07,Electrónica,6
2831,,-100,-50.0,-10.0,,movil,,3831,12345,2025-11-01,electronica,1
2832,0.0,,-50.0,,,,-3.0,3832,,2025-03-21,,0
2833,1.0,9726.42,401.09,101.0,43.0,móvil,4.0,3833,Relación calidad-precio aceptable.,2025-07-14,Hogar,3
2834,-5.0,-100,,,-1.0,,50.0,3834,,2025-02-04,,0
2835,999.0,-100,,-10.0,-1.0,,50.0,3835,,2025-07-25,,0
2836,12.0,8717.88,104.74,87.0,40.0,web,5.0,3836,"Buen producto, la calidad es excelente y llegó rápido.",2025-03-25,Electrónica,9
2837,24.0,7553.5,411.83,72.0,34.0,móvil,11.0,3837,No estoy satisfecho con la compra.,2025-03-11,Hogar,6
2838,999.0,-100,,400.0,200.0,,50.0,3838,,2025-11-09,,0
2839,,,,-10.0,,WEB,,3839,,2025-10-02,???,0
2840,24.0,6429.5,197.0,69.0,14.0,móvil,5.0,3840,Excelente atención y variedad de productos.,2025-11-10,Ropa,6
2841,6.0,8000.77,84.11,45.0,72.0,tienda_fisica,6.0,3841,"Buen producto, la calidad es excelente y llegó rápido.",2025-10-31,Retail,9
2842,,abc,-50.0,400.0,200.0,movil,-3.0,3842,,2025-06-22,,0
2843,999.0,abc,-50.0,400.0,200.0,,50.0,3843,,2025-08-19,electronica,0
2844,30.0,1358.52,106.8,91.0,61.0,móvil,8.0,3844,Relación calidad-precio aceptable.,2025-09-08,Retail,3
2845,9.0,7953.52,137.74,40.0,55.0,móvil,5.0,3845,El producto llegó defectuoso.,2025-01-28,Retail,4
2846,0.0,,,400.0,,,-3.0,3846,producto,2025-12-10,???,1
2847,15.0,5957.24,396.88,105.0,72.0,móvil,6.0,3847,"Muy recomendable, volvería a comprar.",2025-11-30,Servicios,5
2848,19.0,1051.72,78.22,114.0,33.0,tienda_fisica,1.0,3848,"Buen producto, la calidad es excelente y llegó rápido.",2025-08-28,Hogar,9
2849,0.0,abc,,-10.0,-1.0,movil,,3849,ok,2025-01-31,electronica,1
2850,27.0,6340.72,141.38,4.0,57.0,tienda_fisica,10.0,3850,Excelente atención y variedad de productos.,2025-03-15,Servicios,6
2851,23.0,4795.39,116.62,88.0,51.0,web,13.0,3851,"El servicio fue regular, podría mejorar.",2025-01-30,Retail,6
2852,,-100,,,-1.0,movil,,3852,,2025-10-13,,0
2853,3.0,7874.26,259.7,117.0,34.0,web,10.0,3853,El producto llegó defectuoso.,2025-08-01,Servicios,4
2854,23.0,6250.63,424.51,94.0,65.0,móvil,15.0,3854,Entrega rápida y buen empaque.,2025-03-01,Retail,5
2855,,abc,-50.0,,200.0,WEB,-3.0,3855,12345,2025-09-28,,1
2856,0.0,-100,-50.0,,200.0,WEB,-3.0,3856,,2025-09-01,electronica,0
2857,23.0,352.47,339.83,6.0,36.0,móvil,12.0,3857,Relación calidad-precio aceptable.,2025-07-19,Hogar,3
2858,0.0,abc,,-10.0,200.0,movil,-3.0,3858,,2025-03-04,,0
2859,23.0,8701.01,83.0,92.0,21.0,móvil,1.0,3859,Excelente atención y variedad de productos.,2025-09-02,Electrónica,6
2860,6.0,7941.76,467.39,92.0,18.0,móvil,8.0,3860,Entrega rápida y buen empaque.,2025-08-04,Retail,5
2861,20.0,2141.45,355.62,28.0,30.0,móvil,14.0,3861,No estoy satisfecho con la compra.,2025-11-24,Servicios,6
2862,23.0,4432.64,482.43,78.0,54.0,móvil,13.0,3862,Excelente atención y variedad de productos.,2025-10-24,Servicios,6
2863,-5.0,-100,,-10.0,,movil,,3863,,2025-03-26,,0
2864,999.0,abc,,,-1.0,WEB,,3864,producto,2025-02-04,electronica,1
2865,4.0,9697.44,190.93,1.0,72.0,móvil,10.0,3865,No estoy satisfecho con la compra.,2025-10-14,Hogar,6
2866,-5.0,abc,,-10.0,,123,50.0,3866,,2025-04-18,???,0
2867,4.0,9824.93,313.9,25.0,36.0,móvil,2.0,3867,No estoy satisfecho con la compra.,2025-06-09,Hogar,6
2868,22.0,9128.87,199.1,82.0,4.0,web,9.0,3868,"Muy recomendable, volvería a comprar.",2025-03-18,Servicios,5
2869,20.0,634.98,92.36,4.0,72.0,tienda_fisica,11.0,3869,"Buen producto, la calidad es excelente y llegó rápido.",2025-11-18,Electrónica,9
2870,12.0,1840.88,306.18,83.0,42.0,web,10.0,3870,Relación calidad-precio aceptable.,2025-07-31,Electrónica,3
2871,3.0,8137.95,409.13,117.0,67.0,web,12.0,3871,No estoy satisfecho con la compra.,2025-08-26,Servicios,6
2872,15.0,7906.12,34.19,22.0,26.0,web,1.0,3872,Entrega rápida y buen empaque.,2025-10-10,Hogar,5
2873,29.0,6069.84,470.7,60.0,44.0,web,1.0,3873,"Buen producto, la calidad es excelente y llegó rápido.",2025-03-28,Hogar,9
2874,8.0,9330.91,42.6,66.0,70.0,tienda_fisica,7.0,3874,"El servicio fue regular, podría mejorar.",2025-09-10,Retail,6
2875,11.0,6843.58,182.28,1.0,44.0,tienda_fisica,10.0,3875,Entrega rápida y buen empaque.,2025-02-19,Hogar,5
2876,999.0,-100,-50.0,,,,50.0,3876,producto,2025-05-30,electronica,1
2877,17.0,4321.02,182.78,70.0,16.0,web,5.0,3877,Excelente atención y variedad de productos.,2025-12-20,Hogar,6
2878,,abc,,-10.0,200.0,movil,50.0,3878,producto,2025-05-13,,1
2879,29.0,3891.36,337.95,119.0,38.0,web,10.0,3879,"Muy recomendable, volvería a comprar.",2025-04-14,Electrónica,5
2880,26.0,8794.26,474.81,97.0,49.0,móvil,8.0,3880,El producto llegó defectuoso.,2025-05-12,Electrónica,4
2881,19.0,5131.89,420.3,120.0,47.0,móvil,9.0,3881,El producto llegó defectuoso.,2025-06-11,Ropa,4
2882,2.0,3983.15,409.3,56.0,59.0,tienda_fisica,11.0,3882,"El servicio fue regular, podría mejorar.",2025-03-19,Electrónica,6
2883,20.0,2399.69,297.95,69.0,41.0,móvil,4.0,3883,"Muy recomendable, volvería a comprar.",2025-08-21,Electrónica,5
2884,19.0,2166.97,424.88,56.0,35.0,web,6.0,3884,Relación calidad-precio aceptable.,2025-12-13,Servicios,3
2885,8.0,9866.33,230.5,2.0,35.0,tienda_fisica,8.0,3885,Relación calidad-precio aceptable.,2025-01-02,Servicios,3
2886,,-100,,,,,50.0,3886,12345,2025-04-02,,1
2887,25.0,549.23,485.97,100.0,29.0,tienda_fisica,11.0,3887,Excelente atención y variedad de productos.,2025-03-23,Ropa,6
2888,4.0,1452.78,206.91,62.0,24.0,web,2.0,3888,"Muy recomendable, volvería a comprar.",2025-03-21,Retail,5
2889,15.0,6614.33,434.01,45.0,15.0,web,6.0,3889,Entrega rápida y buen empaque.,2025-04-30,Electrónica,5
2890,999.0,,-50.0,-10.0,200.0,movil,50.0,3890,ok,2025-01-01,,1
2891,14.0,6550.97,42.17,27.0,4.0,móvil,4.0,3891,No estoy satisfecho con la compra.,2025-05-18,Hogar,6
2892,0.0,-100,,,200.0,WEB,50.0,3892,ok,2025-05-17,???,1
2893,28.0,7215.27,231.77,4.0,64.0,tienda_fisica,13.0,3893,"Muy recomendable, volvería a comprar.",2025-01-23,Ropa,5
2894,13.0,1038.17,153.44,31.0,32.0,web,14.0,3894,Relación calidad-precio aceptable.,2025-08-16,Hogar,3
2895,-5.0,abc,,,,,-3.0,3895,producto,2025-07-18,electronica,1
2896,17.0,9108.73,240.05,24.0,11.0,web,15.0,3896,No estoy satisfecho con la compra.,2025-07-03,Hogar,6
2897,27.0,111.8,176.02,48.0,65.0,tienda_fisica,7.0,3897,Relación calidad-precio aceptable.,2025-08-08,Hogar,3
2898,999.0,,-50.0,,-1.0,WEB,,3898,producto,2025-09-17,electronica,1
2899,4.0,7271.64,310.09,65.0,61.0,web,3.0,3899,Relación calidad-precio aceptable.,2025-08-03,Electrónica,3
2900,0.0,-100,-50.0,400.0,-1.0,movil,50.0,3900,,2025-10-27,,0
2901,11.0,5653.71,31.43,60.0,16.0,tienda_fisica,4.0,3901,"El servicio fue regular, podría mejorar.",2025-03-12,Servicios,6
2902,17.0,2622.75,394.67,54.0,59.0,web,15.0,3902,Relación calidad-precio aceptable.,2025-09-05,Retail,3
2903,999.0,,-50.0,,,movil,,3903,12345,2025-10-08,,1
2904,29.0,1032.37,349.1,95.0,40.0,web,6.0,3904,"El servicio fue regular, podría mejorar.",2025-08-14,Ropa,6
2905,30.0,3755.81,247.44,56.0,50.0,móvil,7.0,3905,El producto llegó defectuoso.,2025-05-09,Hogar,4
2906,5.0,133.79,342.18,119.0,44.0,móvil,14.0,3906,Entrega rápida y buen empaque.,2025-11-25,Electrónica,5
2907,,-100,-50.0,,,,-3.0,3907,ok,2025-05-28,electronica,1
2908,17.0,1386.88,287.99,63.0,19.0,tienda_fisica,8.0,3908,"Muy recomendable, volvería a comprar.",2025-07-04,Ropa,5
2909,-5.0,,-50.0,400.0,200.0,movil,50.0,3909,,2025-07-05,,0
2910,20.0,8277.35,244.36,87.0,30.0,móvil,11.0,3910,Excelente atención y variedad de productos.,2025-09-27,Ropa,6
2911,2.0,3830.04,249.9,40.0,54.0,tienda_fisica,14.0,3911,"Buen producto, la calidad es excelente y llegó rápido.",2025-08-10,Retail,9
2912,-5.0,,-50.0,-10.0,-1.0,,-3.0,3912,,2025-10-06,,0
2913,27.0,247.19,57.91,118.0,15.0,tienda_fisica,13.0,3913,No estoy satisfecho con la compra.,2025-09-18,Servicios,6
2914,,abc,,,200.0,,,3914,ok,2025-06-13,???,1
2915,5.0,5716.66,70.08,10.0,36.0,tienda_fisica,4.0,3915,Entrega rápida y buen empaque.,2025-07-30,Retail,5
2916,23.0,9539.3,121.34,10.0,58.0,móvil,10.0,3916,"Muy recomendable, volvería a comprar.",2025-10-07,Retail,5
2917,0.0,,,,,123,50.0,3917,,2025-08-10,???,0
2918,23.0,8858.0,277.86,86.0,33.0,web,2.0,3918,Entrega rápida y buen empaque.,2025-08-26,Servicios,5
2919,29.0,506.81,78.88,79.0,15.0,web,13.0,3919,El producto llegó defectuoso.,2025-08-10,Retail,4
2920,999.0,abc,-50.0,400.0,-1.0,,,3920,12345,2025-12-17,electronica,1
2921,17.0,8607.06,421.52,63.0,59.0,móvil,4.0,3921,El producto llegó defectuoso.,2025-08-11,Servicios,4
2922,3.0,8135.9,21.88,84.0,64.0,tienda_fisica,14.0,3922,"Buen producto, la calidad es excelente y llegó rápido.",2025-02-09,Ropa,9
2923,28.0,7216.97,344.53,17.0,2.0,web,4.0,3923,Entrega rápida y buen empaque.,2025-10-04,Ropa,5
2924,30.0,1329.63,392.41,103.0,47.0,móvil,11.0,3924,"El servicio fue regular, podría mejorar.",2025-02-08,Servicios,6
2925,24.0,7975.27,102.33,40.0,35.0,tienda_fisica,7.0,3925,Entrega rápida y buen empaque.,2025-12-19,Retail,5
2926,,,,-10.0,200.0,,-3.0,3926,12345,2025-11-05,,1
2927,0.0,,-50.0,400.0,-1.0,movil,,3927,producto,2025-03-07,,1
2928,-5.0,-100,-50.0,400.0,,123,,3928,ok,2025-06-10,,1
2929,3.0,6742.0,449.1,8.0,19.0,tienda_fisica,15.0,3929,Relación calidad-precio aceptable.,2025-05-25,Ropa,3
2930,16.0,2836.2,26.95,96.0,28.0,web,12.0,3930,"Buen producto, la calidad es excelente y llegó rápido.",2025-05-07,Retail,9
2931,1.0,1440.15,149.52,39.0,26.0,tienda_fisica,2.0,3931,"Muy recomendable, volvería a comprar.",2025-01-13,Electrónica,5
2932,4.0,6709.28,103.47,87.0,43.0,web,12.0,3932,"Muy recomendable, volvería a comprar.",2025-12-20,Hogar,5
2933,0.0,,,,,WEB,,3933,12345,2025-08-14,???,1
2934,12.0,4784.36,128.12,42.0,40.0,móvil,9.0,3934,"Muy recomendable, volvería a comprar.",2025-02-24,Servicios,5
2935,999.0,,-50.0,,200.0,,-3.0,3935,12345,2025-10-25,,1
2936,,-100,,400.0,-1.0,123,-3.0,3936,producto,2025-02-05,,1
2937,0.0,abc,-50.0,400.0,-1.0,,,3937,ok,2025-03-22,,1
2938,17.0,1850.31,158.25,58.0,61.0,tienda_fisica,4.0,3938,Entrega rápida y buen empaque.,2025-04-21,Ropa,5
2939,20.0,8655.44,434.98,29.0,58.0,tienda_fisica,15.0,3939,Excelente atención y variedad de productos.,2025-02-27,Electrónica,6
2940,12.0,6014.57,292.33,101.0,47.0,web,6.0,3940,"Muy recomendable, volvería a comprar.",2025-08-25,Servicios,5
2941,3.0,7908.22,62.99,87.0,24.0,web,3.0,3941,Excelente atención y variedad de productos.,2025-01-18,Retail,6
2942,20.0,933.98,21.85,36.0,33.0,tienda_fisica,4.0,3942,Entrega rápida y buen empaque.,2025-07-21,Hogar,5
2943,,,-50.0,-10.0,200.0,WEB,50.0,3943,ok,2025-08-03,???,1
2944,23.0,7613.47,463.17,1.0,8.0,móvil,8.0,3944,Excelente atención y variedad de productos.,2025-11-19,Servicios,6
2945,0.0,,-50.0,,200.0,,-3.0,3945,producto,2025-11-18,???,1
2946,22.0,4849.92,47.06,118.0,28.0,móvil,4.0,3946,Entrega rápida y buen empaque.,2025-10-04,Ropa,5
2947,2.0,5900.62,451.77,86.0,55.0,web,4.0,3947,"Buen producto, la calidad es excelente y llegó rápido.",2025-11-21,Electrónica,9
2948,21.0,9575.53,467.28,114.0,43.0,móvil,5.0,3948,El producto llegó defectuoso.,2025-07-26,Ropa,4
2949,6.0,5549.76,168.35,60.0,4.0,móvil,4.0,3949,"Muy recomendable, volvería a comprar.",2025-05-29,Electrónica,5
2950,0.0,abc,,,,,50.0,3950,,2025-12-10,,0
2951,11.0,3002.03,217.19,26.0,43.0,tienda_fisica,2.0,3951,"El servicio fue regular, podría mejorar.",2025-08-27,Retail,6
2952,,-100,,,200.0,WEB,50.0,3952,,2025-07-17,electronica,0
2953,11.0,7901.24,26.05,101.0,30.0,tienda_fisica,12.0,3953,El producto llegó defectuoso.,2025-04-23,Retail,4
2954,19.0,8437.92,373.65,67.0,33.0,móvil,11.0,3954,Excelente atención y variedad de productos.,2025-03-13,Servicios,6
2955,0.0,,-50.0,400.0,,123,,3955,,2025-06-30,,0
2956,15.0,6429.68,130.33,51.0,53.0,tienda_fisica,1.0,3956,No estoy satisfecho con la compra.,2025-05-20,Retail,6
2957,0.0,-100,-50.0,400.0,,WEB,-3.0,3957,ok,2025-10-07,???,1
2958,0.0,-100,-50.0,400.0,-1.0,,,3958,,2025-11-23,,0
2959,6.0,6093.19,197.25,12.0,40.0,móvil,10.0,3959,Excelente atención y variedad de productos.,2025-07-21,Servicios,6
2960,15.0,8062.35,344.9,86.0,43.0,tienda_fisica,4.0,3960,"Buen producto, la calidad es excelente y llegó rápido.",2025-11-05,Retail,9
2961,0.0,abc,,,,123,,3961,producto,2025-12-18,???,1
2962,10.0,3069.31,226.85,51.0,49.0,web,10.0,3962,Excelente atención y variedad de productos.,2025-06-08,Hogar,6
2963,22.0,9679.16,324.22,27.0,67.0,web,7.0,3963,"Buen producto, la calidad es excelente y llegó rápido.",2025-09-16,Hogar,9
2964,,,-50.0,,200.0,movil,,3964,producto,2025-03-26,,1
2965,19.0,7520.27,90.24,104.0,19.0,web,6.0,3965,El producto llegó defectuoso.,2025-08-18,Hogar,4
2966,21.0,9457.52,364.56,113.0,53.0,web,15.0,3966,No estoy satisfecho con la compra.,2025-10-04,Hogar,6
2967,2.0,7290.17,149.83,23.0,25.0,tienda_fisica,13.0,3967,"Muy recomendable, volvería a comprar.",2025-12-11,Servicios,5
2968,14.0,4007.69,42.07,13.0,39.0,móvil,10.0,3968,El producto llegó defectuoso.,2025-07-17,Retail,4
2969,999.0,-100,,400.0,200.0,,50.0,3969,producto,2025-12-23,???,1
2970,9.0,9720.04,309.95,33.0,3.0,móvil,13.0,3970,Excelente atención y variedad de productos.,2025-05-06,Ropa,6
2971,3.0,5225.41,225.08,91.0,42.0,tienda_fisica,7.0,3971,Entrega rápida y buen empaque.,2025-02-14,Ropa,5
2972,0.0,abc,-50.0,-10.0,200.0,movil,-3.0,3972,,2025-10-06,electronica,0
2973,999.0,,-50.0,-10.0,200.0,,-3.0,3973,ok,2025-09-10,,1
2974,3.0,7770.16,440.8,21.0,4.0,tienda_fisica,2.0,3974,"Buen producto, la calidad es excelente y llegó rápido.",2025-07-17,Servicios,9
2975,-5.0,-100,-50.0,-10.0,200.0,123,-3.0,3975,,2025-07-06,electronica,0
2976,999.0,abc,-50.0,400.0,-1.0,,,3976,,2025-01-03,,0
2977,16.0,502.74,137.32,71.0,55.0,web,8.0,3977,Excelente atención y variedad de productos.,2025-04-06,Electrónica,6
2978,,abc,-50.0,-10.0,-1.0,,50.0,3978,producto,2025-08-22,,1
2979,1.0,7006.6,351.33,84.0,11.0,móvil,8.0,3979,"Buen producto, la calidad es excelente y llegó rápido.",2025-07-12,Hogar,9
2980,28.0,3123.63,134.46,28.0,66.0,web,15.0,3980,Relación calidad-precio aceptable.,2025-09-04,Servicios,3
2981,999.0,,,400.0,-1.0,,-3.0,3981,ok,2025-08-27,electronica,1
2982,1.0,1377.07,87.5,24.0,5.0,web,14.0,3982,"Muy recomendable, volvería a comprar.",2025-05-11,Ropa,5
2983,-5.0,abc,-50.0,,200.0,123,50.0,3983,producto,2025-10-18,,1
2984,4.0,3835.37,347.01,4.0,48.0,web,14.0,3984,Excelente atención y variedad de productos.,2025-11-04,Servicios,6
2985,23.0,806.99,132.05,88.0,45.0,web,3.0,3985,Relación calidad-precio aceptable.,2025-12-31,Servicios,3
2986,21.0,8696.01,444.35,12.0,29.0,web,2.0,3986,Excelente atención y variedad de productos.,2025-02-20,Retail,6
2987,6.0,5314.86,454.57,28.0,22.0,tienda_fisica,15.0,3987,Relación calidad-precio aceptable.,2025-07-17,Retail,3
2988,13.0,4487.04,73.19,103.0,56.0,web,15.0,3988,"El servicio fue regular, podría mejorar.",2025-08-28,Electrónica,6
2989,24.0,1400.21,306.95,23.0,41.0,tienda_fisica,2.0,3989,El producto llegó defectuoso.,2025-06-20,Ropa,4
2990,999.0,,-50.0,-10.0,-1.0,,-3.0,3990,,2025-01-21,electronica,0
2991,22.0,8078.85,472.55,27.0,3.0,móvil,5.0,3991,"Muy recomendable, volvería a comprar.",2025-12-11,Electrónica,5
2992,,-100,-50.0,400.0,,WEB,-3.0,3992,producto,2025-08-18,,1
2993,,abc,,-10.0,200.0,movil,,3993,producto,2025-07-31,,1
2994,26.0,4990.9,140.24,58.0,63.0,móvil,1.0,3994,No estoy satisfecho con la compra.,2025-01-04,Electrónica,6
2995,21.0,4522.59,150.85,38.0,6.0,tienda_fisica,6.0,3995,"Buen producto, la calidad es excelente y llegó rápido.",2025-09-19,Servicios,9
2996,999.0,-100,,-10.0,,movil,50.0,3996,,2025-11-01,,0
2997,19.0,306.7,426.44,71.0,31.0,web,3.0,3997,Excelente atención y variedad de productos.,2025-01-06,Servicios,6
2998,27.0,1973.11,33.29,115.0,26.0,web,14.0,3998,"El servicio fue regular, podría mejorar.",2025-07-16,Servicios,6
2999,12.0,343.23,165.37,52.0,41.0,web,2.0,3999,"Buen producto, la calidad es excelente y llegó rápido.",2025-02-03,Ropa,9
3000,26.0,822.52,62.58,7.0,51.0,tienda_fisica,5.0,4000,"Muy recomendable, volvería a comprar.",2025-10-04,Retail,5
